date,rate
33939,7
33940,8.88
33941,7.75
33942,9
33945,8.75
33946,9
33947,8.75
33948,8.88
33949,8.63
33952,8.13
33953,7.5
33954,7
33955,6.75
33956,7
33959,6.88
33960,7.13
33961,6.75
33962,6.81
33963,6.81
33966,6.81
33967,6.94
33968,6.63
33969,6.75
33970,6.75
33973,7
33974,7
33975,6.81
33976,6.81
33977,6.81
33980,6.75
33981,7.06
33982,6.94
33983,6.75
33984,6.81
33987,6.75
33988,7.13
33989,7.06
33990,6.75
33991,6.75
33994,6.5
33995,6.44
33996,6.13
33997,6
33998,6.06
34001,6.06
34002,6.06
34003,6.06
34004,5.88
34005,6.31
34008,6.06
34009,6.13
34010,6.13
34011,6.06
34012,6.44
34015,6.38
34016,6.31
34017,6
34018,5.94
34019,5.88
34022,5.75
34023,5.75
34024,5.81
34025,5.75
34026,5.75
34029,5.75
34030,5.75
34031,5.81
34032,5.69
34033,5.56
34036,5.5
34037,5.5
34038,5.44
34039,5.25
34040,5.19
34043,5.19
34044,5.06
34045,4.94
34046,4.88
34047,5.06
34050,5
34051,5
34052,4.94
34053,5
34054,4.94
34057,4.75
34058,4.69
34059,4.63
34060,4.63
34061,4.75
34064,4.75
34065,4.75
34066,4.75
34067,4.63
34068,4.63
34071,4.69
34072,4.63
34073,4.69
34074,4.63
34075,4.63
34078,4.56
34079,4.63
34080,4.56
34081,4.5
34082,4.44
34085,4.44
34086,4.44
34087,4.5
34088,4.44
34089,4.5
34092,4.56
34093,5
34094,5
34095,4.75
34096,4.81
34099,4.75
34100,4.69
34101,4.56
34102,4.44
34103,4.44
34106,4.31
34107,4.31
34108,4.25
34109,4.38
34110,4.38
34113,4.38
34114,4.5
34115,4.69
34116,4.75
34117,4.69
34120,4.69
34121,4.63
34122,4.56
34123,4.56
34124,4.5
34127,4.44
34128,4.44
34129,4.38
34130,4.38
34131,4.5
34134,4.06
34135,4.56
34136,4.63
34137,4.56
34138,4.5
34141,4.5
34142,4.56
34143,4.38
34144,4.25
34145,4.25
34148,4.25
34149,4.25
34150,4.25
34151,4.25
34152,4.25
34155,4.25
34156,4.31
34157,4.25
34158,4.25
34159,4.25
34162,4.31
34163,4.31
34164,4.38
34165,4.31
34166,4.31
34169,4.25
34170,4.19
34171,4.13
34172,4
34173,3.88
34176,3.94
34177,4
34178,4
34179,4
34180,3.94
34183,4
34184,4.06
34185,3.94
34186,3.94
34187,3.94
34190,3.94
34191,3.88
34192,4.06
34193,4.19
34194,4.25
34197,4.31
34198,4.19
34199,4.13
34200,4.44
34201,4.56
34204,4.5
34205,4.5
34206,4.5
34207,4.5
34208,4.5
34211,4.25
34212,4.25
34213,4.25
34214,4.31
34215,4.25
34218,4.25
34219,4.25
34220,4.25
34221,4.25
34222,4.25
34225,4.25
34226,4.31
34227,4.25
34228,4.38
34229,4.38
34232,4.44
34233,4.25
34234,4.31
34235,4.31
34236,4.31
34239,4.31
34240,4.25
34241,4.25
34242,4.25
34243,4.25
34246,4.31
34247,4.31
34248,4.38
34249,4.44
34250,4.5
34253,4.5
34254,4.69
34255,4.63
34256,4.63
34257,4.63
34260,4.63
34261,4.56
34262,4.56
34263,4.69
34264,4.69
34267,4.56
34268,4.38
34269,4.5
34270,4.44
34271,4.38
34274,4.38
34275,4.63
34276,4.44
34277,4.88
34278,4.44
34281,4.44
34282,4.38
34283,4.25
34284,4.25
34285,4.13
34288,4.13
34289,4.13
34290,4
34291,3.94
34292,3.88
34295,3.88
34296,3.88
34297,3.88
34298,3.88
34299,3.88
34302,3.94
34303,3.88
34304,3.88
34305,3.94
34306,4
34309,4.19
34310,4.44
34311,4.5
34312,4.5
34313,4.5
34316,4.44
34317,4.5
34318,4.31
34319,4.25
34320,4.25
34323,4.06
34324,3.88
34325,3.75
34326,3.75
34327,3.75
34330,3.75
34331,3.75
34332,3.81
34333,3.94
34334,4
34337,4
34338,3.94
34339,4
34340,4
34341,4
34344,4
34345,4.13
34346,4
34347,4
34348,3.94
34351,3.94
34352,4.06
34353,3.88
34354,3.88
34355,3.88
34358,3.81
34359,3.88
34360,3.88
34361,3.88
34362,3.88
34365,3.88
34366,3.81
34367,3.75
34368,3.75
34369,3.69
34372,3.63
34373,3.63
34374,3.63
34375,3.63
34376,3.63
34379,3.63
34380,3.63
34381,3.63
34382,3.69
34383,3.69
34386,3.63
34387,3.5
34388,3.56
34389,3.56
34390,3.56
34393,3.56
34394,3.69
34395,3.63
34396,3.75
34397,3.69
34400,3.69
34401,3.75
34402,3.75
34403,3.75
34404,3.75
34407,3.75
34408,3.75
34409,3.75
34410,3.81
34411,4
34414,4
34415,4
34416,4.13
34417,4.13
34418,4.25
34421,4.31
34422,4.25
34423,4.25
34424,4.25
34425,4.25
34428,4.5
34429,4.75
34430,5
34431,5
34432,5.88
34435,5.88
34436,5.88
34437,6
34438,5.94
34439,5.75
34442,5.63
34443,5.75
34444,5.75
34445,5.75
34446,5.81
34449,5.63
34450,5.63
34451,5.69
34452,5.63
34453,5.69
34456,5.69
34457,5.69
34458,5.75
34459,5.75
34460,5.75
34463,5.69
34464,5.75
34465,5.69
34466,5.75
34467,5.69
34470,5.69
34471,5.69
34472,5.69
34473,5.75
34474,6.06
34477,6.06
34478,5.75
34479,5.75
34480,5.75
34481,5.75
34484,5.75
34485,5.75
34486,5.75
34487,5.75
34488,5.75
34491,5.75
34492,5.69
34493,5.63
34494,5.63
34495,5.63
34498,5.56
34499,5.56
34500,5.56
34501,5.56
34502,5.75
34505,5.69
34506,5.75
34507,5.69
34508,5.69
34509,5.69
34512,5.69
34513,5.69
34514,5.69
34515,5.69
34516,5.69
34519,5.69
34520,5.69
34521,5.69
34522,5.69
34523,5.69
34526,5.69
34527,5.69
34528,5.69
34529,5.69
34530,5.69
34533,5.69
34534,5.69
34535,5.56
34536,5.44
34537,5.44
34540,5.44
34541,5.38
34542,5.38
34543,5.38
34544,5.38
34547,5.38
34548,5.44
34549,5.44
34550,5.5
34551,5.44
34554,5.31
34555,5.31
34556,5.25
34557,5.25
34558,5.25
34561,5.25
34562,5.19
34563,5.19
34564,5.19
34565,5.19
34568,5.19
34569,5.19
34570,5.25
34571,5.25
34572,5.25
34575,5.31
34576,5.44
34577,5.38
34578,5.25
34579,5.19
34582,5.19
34583,5.19
34584,5.13
34585,5.13
34586,5.06
34589,5.13
34590,5.13
34591,5.13
34592,5.13
34593,5.13
34596,5.13
34597,5.13
34598,5
34599,5
34600,5
34603,5
34604,5
34605,5
34606,5
34607,5
34610,5
34611,5
34612,4.94
34613,4.94
34614,4.94
34617,4.94
34618,4.94
34619,4.94
34620,4.94
34621,4.94
34624,4.94
34625,4.94
34626,4.94
34627,4.94
34628,4.94
34631,4.94
34632,4.94
34633,4.94
34634,4.94
34635,4.94
34638,4.94
34639,4.94
34640,4.94
34641,4.94
34642,4.88
34645,4.88
34646,4.88
34647,4.88
34648,4.88
34649,4.88
34652,4.88
34653,4.88
34654,5.25
34655,5.19
34656,5.19
34659,5.19
34660,5.31
34661,5.31
34662,5.31
34663,5.31
34666,5.31
34667,5.38
34668,5.44
34669,5.44
34670,5.44
34673,5.38
34674,5.38
34675,5.38
34676,5.5
34677,5.5
34680,5.5
34681,5.56
34682,5.56
34683,5.56
34684,5.56
34687,5.63
34688,5.63
34689,5.56
34690,5.56
34691,5.56
34694,5.56
34695,5.56
34696,5.56
34697,5.63
34698,5.69
34701,5.69
34702,5.688
34703,5.688
34704,5.688
34705,5.625
34708,5.688
34709,5.688
34710,6
34711,6
34712,6.563
34715,6.563
34716,6.563
34717,7.063
34718,7.063
34719,7.063
34722,7.063
34723,7.125
34724,7.188
34725,7.188
34726,7.25
34729,7.25
34730,7.25
34731,7.25
34732,7.5
34733,7.625
34736,7.75
34737,7.75
34738,7.75
34739,7.75
34740,7.75
34743,7.688
34744,7.688
34745,7.688
34746,7.688
34747,8.125
34750,8.125
34751,8.125
34752,8.125
34753,8.25
34754,8.188
34757,8.125
34758,8.125
34759,8.125
34760,8.125
34761,8.125
34764,8.125
34765,8.125
34766,8.125
34767,8.125
34768,8.125
34771,8.125
34772,8.125
34773,8.125
34774,8.125
34775,8.125
34778,8.125
34779,8.125
34780,8.125
34781,8.125
34782,8.063
34785,8.063
34786,8.031
34787,8.063
34788,8.063
34789,8.063
34792,8.063
34793,8.063
34794,8.063
34795,8.063
34796,8
34799,8.063
34800,8.063
34801,8.063
34802,8.063
34803,8.063
34806,8.063
34807,8.125
34808,8.063
34809,8.063
34810,8.03
34813,8.03
34814,8.03
34815,8.03
34816,8.03
34817,7.97
34820,7.97
34821,7.938
34822,7.91
34823,7.875
34824,7.93
34827,7.75
34828,7.84
34829,7.813
34830,7.813
34831,7.813
34834,7.75
34835,7.78
34836,7.71
34837,7.71
34838,7.625
34841,7.625
34842,7.56
34843,7.59
34844,7.65
34845,7.59
34848,7.59
34849,7.59
34850,7.59
34851,7.59
34852,7.59
34855,7.5
34856,7.47
34857,7.5
34858,7.5
34859,7.5
34862,7.5
34863,7.29
34864,7.31
34865,7.31
34866,7.31
34869,7.31
34870,7.38
34871,7.31
34872,7.38
34873,7.38
34876,7.31
34877,7.34
34878,7.25
34879,7.25
34880,7.19
34883,7.19
34884,7.19
34885,7.19
34886,7.19
34887,7.03
34890,7.03
34891,6.81
34892,6.75
34893,6.75
34894,6.75
34897,6.72
34898,6.63
34899,6.59
34900,6.59
34901,6.59
34904,6.59
34905,6.59
34906,6.56
34907,6.56
34908,6.56
34911,6.56
34912,6.56
34913,6.53
34914,6.53
34915,6.53
34918,6.53
34919,6.53
34920,6.53
34921,6.47
34922,6.47
34925,6.47
34926,6.43
34927,6.43
34928,6.43
34929,6.43
34932,6.43
34933,6.43
34934,6.43
34935,6.43
34936,6.43
34939,6.43
34940,6.25
34941,6.25
34942,6.25
34943,6.25
34946,6.25
34947,6.21
34948,6.21
34949,6.21
34950,6.21
34953,6.19
34954,6.19
34955,6.19
34956,6.19
34957,6.19
34960,6.19
34961,6.19
34962,6.19
34963,6.19
34964,6.19
34967,6.19
34968,6.19
34969,6.19
34970,6.19
34971,6.19
34974,6.19
34975,6.19
34976,6.19
34977,6.19
34978,6.19
34981,6.19
34982,6.19
34983,6.19
34984,6.19
34985,6.19
34988,6.19
34989,6.19
34990,6.19
34991,6.19
34992,6.19
34995,6.19
34996,6.19
34997,6.19
34998,6.19
34999,6.19
35002,6.19
35003,6.19
35004,6
35005,6
35006,5.94
35009,5.94
35010,5.94
35011,5.94
35012,5.94
35013,5.94
35016,5.94
35017,5.94
35018,5.94
35019,5.94
35020,5.94
35023,5.94
35024,5.94
35025,5.94
35026,5.94
35027,5.94
35030,5.94
35031,5.94
35032,5.94
35033,5.94
35034,5.94
35037,5.94
35038,5.94
35039,5.94
35040,5.94
35041,5.94
35044,6.13
35045,6.13
35046,6.13
35047,6.13
35048,6.06
35051,6.06
35052,6.13
35053,5.81
35054,5.81
35055,5.81
35058,5.81
35059,5.81
35060,5.81
35061,5.81
35062,5.78
35065,5.78
35066,5.78
35067,5.71
35068,5.63
35069,5.63
35072,5.69
35073,5.69
35074,5.69
35075,5.69
35076,5.69
35079,5.69
35080,5.69
35081,5.69
35082,5.69
35083,5.69
35086,5.69
35087,5.69
35088,5.53
35089,5.5
35090,5.63
35093,5.63
35094,5.63
35095,5.56
35096,5.31
35097,5.31
35100,5.31
35101,5.31
35102,5.31
35103,5.31
35104,5.31
35107,5.31
35108,5.31
35109,5.31
35110,5.31
35111,5.31
35114,5.25
35115,5.19
35116,5.19
35117,5.19
35118,5.19
35121,5.19
35122,5.19
35123,5.19
35124,5.19
35125,5.19
35128,5.19
35129,5.19
35130,5.19
35131,5.19
35132,5.19
35135,5.19
35136,5.19
35137,5.19
35138,5.19
35139,5.19
35142,5.19
35143,5.19
35144,5.09
35145,5.06
35146,5.06
35149,5.06
35150,5
35151,5
35152,5
35153,5
35156,5
35157,5
35158,5
35159,5
35160,5
35163,5
35164,5
35165,5
35166,5
35167,5
35170,5
35171,5
35172,5
35173,4.97
35174,4.81
35177,4.81
35178,4.81
35179,4.75
35180,4.75
35181,4.75
35184,4.75
35185,4.75
35186,4.75
35187,4.75
35188,4.75
35191,4.75
35192,4.75
35193,4.75
35194,4.75
35195,4.75
35198,4.75
35199,4.75
35200,4.75
35201,4.75
35202,4.75
35205,4.75
35206,4.75
35207,4.75
35208,4.75
35209,4.75
35212,4.75
35213,4.75
35214,4.75
35215,4.75
35216,4.75
35219,4.75
35220,4.75
35221,4.75
35222,4.75
35223,4.75
35226,4.75
35227,4.75
35228,4.75
35229,4.75
35230,4.75
35233,4.75
35234,4.75
35235,4.75
35236,4.75
35237,4.75
35240,4.75
35241,4.75
35242,4.75
35243,4.75
35244,4.75
35247,4.75
35248,4.75
35249,4.75
35250,4.75
35251,4.75
35254,4.75
35255,4.75
35256,4.75
35257,4.75
35258,4.75
35261,4.75
35262,4.75
35263,4.75
35264,4.75
35265,4.5
35268,4.5
35269,4.5
35270,4.5
35271,4.5
35272,4.5
35275,4.5
35276,4.5
35277,4.5
35278,4.5
35279,4.5
35282,4.47
35283,4.47
35284,4.47
35285,4.47
35286,4.25
35289,4.25
35290,4.25
35291,4.25
35292,4.25
35293,4.25
35296,4.25
35297,4.25
35298,4.25
35299,4
35300,4
35303,4
35304,4
35305,4
35306,4
35307,4
35310,4
35311,4
35312,4
35313,4
35314,4
35317,4
35318,4
35319,4
35320,4
35321,4
35324,4
35325,4
35326,4
35327,4
35328,4
35331,4
35332,4
35333,4
35334,4
35335,4
35338,4
35339,4
35340,3.75
35341,3.75
35342,3.75
35345,3.75
35346,3.75
35347,3.75
35348,3.75
35349,3.75
35352,3.75
35353,3.75
35354,3.75
35355,3.5
35356,3.5
35359,3.5
35360,3.5
35361,3.5
35362,3.5
35363,3.5
35366,3.25
35367,3.25
35368,3.25
35369,3.25
35370,3.25
35373,3.25
35374,3.25
35375,3.25
35376,3.25
35377,3
35380,3
35381,3
35382,3
35383,3
35384,3
35387,3
35388,3
35389,3
35390,3
35391,3
35394,3
35395,3
35396,3
35397,3
35398,3
35401,3
35402,3
35403,3
35404,3
35405,3
35408,3
35409,3
35410,3
35411,3
35412,3
35415,3
35416,3
35417,3
35418,3
35419,3
35422,3
35423,3
35424,3
35425,3
35426,3
35429,3
35430,3
35431,3
35432,3
35433,3
35436,3
35437,3
35438,3
35439,3
35440,3
35443,3
35444,3
35445,3
35446,3
35447,3
35450,3
35451,3
35452,3
35453,3
35454,3
35457,3
35458,3
35459,3
35460,3
35461,3
35464,3
35465,3
35466,3
35467,3
35468,3
35471,3
35472,3
35473,3
35474,3
35475,3
35478,3
35479,3
35480,3
35481,3
35482,3
35485,3
35486,3
35487,3
35488,3
35489,3
35492,3
35493,3
35494,3
35495,3
35496,3
35499,3
35500,3
35501,3
35502,3
35503,3
35506,3
35507,3
35508,3
35509,3
35510,3
35513,3
35514,3
35515,3
35516,3
35517,3
35520,3
35521,3
35522,3
35523,3
35524,3
35527,3
35528,3
35529,3
35530,3
35531,3
35534,3
35535,3
35536,3
35537,3
35538,3
35541,3
35542,3
35543,3
35544,3
35545,3
35548,3
35549,3
35550,3
35551,3
35552,3
35555,3
35556,3
35557,3
35558,3
35559,3
35562,3
35563,3
35564,3
35565,3
35566,3
35569,3
35570,3
35571,3
35572,3
35573,3
35576,3
35577,3
35578,3
35579,3
35580,3
35583,3
35584,3
35585,3
35586,3
35587,3
35590,3
35591,3
35592,3
35593,3
35594,3
35597,3
35598,3
35599,3
35600,3
35601,3
35604,3
35605,3
35606,3
35607,3.25
35608,3.25
35611,3.25
35612,3.25
35613,3.25
35614,3.25
35615,3.25
35618,3.25
35619,3.25
35620,3.25
35621,3.25
35622,3.25
35625,3.25
35626,3.25
35627,3.25
35628,3.25
35629,3.25
35632,3.25
35633,3.25
35634,3.25
35635,3.25
35636,3.25
35639,3.25
35640,3.25
35641,3.25
35642,3.25
35643,3.25
35646,3.25
35647,3.25
35648,3.25
35649,3.25
35650,3.25
35653,3.25
35654,3.25
35655,3.25
35656,3.25
35657,3.25
35660,3.25
35661,3.25
35662,3.25
35663,3.25
35664,3.25
35667,3.25
35668,3.25
35669,3.25
35670,3.25
35671,3.25
35674,3.25
35675,3.25
35676,3.25
35677,3.25
35678,3.25
35681,3.25
35682,3.25
35683,3.25
35684,3.25
35685,3.25
35688,3.25
35689,3.25
35690,3.25
35691,3.25
35692,3.25
35695,3.25
35696,3.25
35697,3.25
35698,3.25
35699,3.25
35702,3.25
35703,3.25
35704,3.5
35705,3.5
35706,3.5
35709,3.5
35710,3.5
35711,3.5
35712,3.5
35713,3.5
35716,3.5
35717,3.5
35718,3.5
35719,3.5
35720,3.5
35723,3.5
35724,3.5
35725,3.5
35726,3.5
35727,3.5
35730,3.5
35731,3.5
35732,3.5
35733,3.5
35734,3.5
35737,3.5
35738,3.5
35739,3.5
35740,3.5
35741,3.5
35744,3.5
35745,3.5
35746,3.5
35747,3.5
35748,3.5
35751,3.5
35752,3.5
35753,3.5
35754,3.5
35755,3.5
35758,3.5
35759,3.75
35760,3.75
35761,3.75
35762,3.75
35765,3.75
35766,3.75
35767,3.75
35768,3.75
35769,3.75
35772,3.75
35773,3.75
35774,3.75
35775,3.75
35776,4.25
35779,4.25
35780,4.25
35781,4.25
35782,4.25
35783,4.25
35786,4.25
35787,4.25
35788,4.25
35789,4.25
35790,4.25
35793,4.25
35794,4.25
35795,4.25
35796,4.25
35797,4.25
35800,4.25
35801,4.25
35802,4.25
35803,4.25
35804,4.25
35807,4.25
35808,4.25
35809,4.25
35810,4.25
35811,4.25
35814,4.25
35815,4.25
35816,4.25
35817,4.25
35818,4.25
35821,4.25
35822,4.25
35823,4.25
35824,4.25
35825,4.75
35828,4.75
35829,4.75
35830,4.75
35831,4.75
35832,4.75
35835,4.75
35836,4.75
35837,4.75
35838,4.75
35839,4.75
35842,4.75
35843,4.75
35844,4.75
35845,4.75
35846,4.75
35849,4.75
35850,4.75
35851,4.75
35852,4.75
35853,4.75
35856,4.75
35857,4.75
35858,4.75
35859,4.75
35860,4.75
35863,4.75
35864,4.75
35865,4.75
35866,4.75
35867,4.75
35870,4.75
35871,4.75
35872,4.75
35873,4.75
35874,4.75
35877,4.75
35878,4.75
35879,4.75
35880,4.75
35881,4.75
35884,4.75
35885,4.75
35886,4.75
35887,4.75
35888,4.75
35891,4.75
35892,4.75
35893,4.75
35894,4.75
35895,4.75
35898,4.75
35899,4.75
35900,4.75
35901,4.75
35902,4.75
35905,4.75
35906,4.75
35907,4.75
35908,4.75
35909,4.75
35912,4.75
35913,4.75
35914,4.75
35915,4.75
35916,4.75
35919,4.75
35920,4.75
35921,4.75
35922,4.75
35923,4.75
35926,4.75
35927,4.75
35928,4.75
35929,4.75
35930,4.75
35933,4.75
35934,4.75
35935,4.75
35936,4.75
35937,4.75
35940,4.75
35941,4.75
35942,4.75
35943,4.75
35944,4.75
35947,4.75
35948,4.75
35949,4.75
35950,4.75
35951,4.75
35954,4.75
35955,4.75
35956,4.75
35957,4.75
35958,4.75
35961,4.75
35962,4.75
35963,4.75
35964,4.75
35965,4.75
35968,4.75
35969,4.75
35970,4.75
35971,4.75
35972,4.75
35975,4.75
35976,4.75
35977,4.75
35978,4.75
35979,4.75
35982,4.75
35983,4.75
35984,4.75
35985,4.75
35986,4.75
35989,4.75
35990,4.75
35991,4.75
35992,4.75
35993,4.75
35996,4.75
35997,4.75
35998,4.75
35999,4.75
36000,4.75
36003,4.75
36004,4.75
36005,4.75
36006,4.75
36007,4.75
36010,4.75
36011,4.75
36012,4.75
36013,4.75
36014,4.75
36017,4.75
36018,4.75
36019,4.75
36020,4.75
36021,4.75
36024,4.75
36025,4.75
36026,4.75
36027,4.75
36028,4.75
36031,4.75
36032,4.75
36033,4.75
36034,5.75
36035,5.75
36038,5.75
36039,5.75
36040,5.75
36041,5.75
36042,5.75
36045,5.75
36046,5.75
36047,5.75
36048,5.75
36049,5.75
36052,5.75
36053,5.75
36054,5.75
36055,5.75
36056,5.75
36059,5.75
36060,5.75
36061,5.75
36062,5.75
36063,5.75
36066,5.75
36067,5.5
36068,5.5
36069,5.5
36070,5.5
36073,5.5
36074,5.5
36075,5.5
36076,5.5
36077,5.5
36080,5.5
36081,5.5
36082,5.5
36083,5.5
36084,5.25
36087,5.25
36088,5.25
36089,5.25
36090,5.25
36091,5.25
36094,5.25
36095,5.25
36096,5.25
36097,5.25
36098,5.25
36101,5.25
36102,5.25
36103,5.25
36104,5.25
36105,5.25
36108,5.25
36109,5.25
36110,5.25
36111,5.25
36112,5.25
36115,5.25
36116,5.25
36117,5
36118,5
36119,5
36122,5
36123,5
36124,5
36125,5
36126,5
36129,5
36130,5
36131,5
36132,5
36133,5
36136,5
36137,5
36138,5
36139,5
36140,5
36143,5
36144,5
36145,5
36146,5
36147,5
36150,5
36151,5
36152,5
36153,5
36154,5
36157,5
36158,5
36159,5
36160,5
36161,5
36164,5
36165,5
36166,5
36167,5
36168,5
36171,5
36172,5
36173,5
36174,5
36175,5
36178,5
36179,5
36180,5
36181,5
36182,5
36185,5
36186,5
36187,5
36188,5
36189,5
36192,5
36193,5
36194,5
36195,5
36196,5
36199,5
36200,5
36201,5
36202,5
36203,5
36206,5
36207,5
36208,5
36209,5
36210,5
36213,5
36214,5
36215,5
36216,5
36217,5
36220,5
36221,5
36222,5
36223,5
36224,5
36227,5
36228,5
36229,5
36230,5
36231,5
36234,5
36235,5
36236,5
36237,5
36238,5
36241,5
36242,5
36243,5
36244,5
36245,5
36248,5
36249,5
36250,4.75
36251,4.75
36252,4.75
36255,4.75
36256,4.75
36257,4.75
36258,4.75
36259,4.75
36262,4.75
36263,4.75
36264,4.75
36265,4.75
36266,4.75
36269,4.75
36270,4.75
36271,4.75
36272,4.75
36273,4.75
36276,4.75
36277,4.75
36278,4.75
36279,4.75
36280,4.75
36283,4.75
36284,4.5
36285,4.5
36286,4.5
36287,4.5
36290,4.5
36291,4.5
36292,4.5
36293,4.5
36294,4.5
36297,4.5
36298,4.5
36299,4.5
36300,4.5
36301,4.5
36304,4.5
36305,4.5
36306,4.5
36307,4.5
36308,4.5
36311,4.5
36312,4.5
36313,4.5
36314,4.5
36315,4.5
36318,4.5
36319,4.5
36320,4.5
36321,4.5
36322,4.5
36325,4.5
36326,4.5
36327,4.5
36328,4.5
36329,4.5
36332,4.5
36333,4.5
36334,4.5
36335,4.5
36336,4.5
36339,4.5
36340,4.5
36341,4.5
36342,4.5
36343,4.5
36346,4.5
36347,4.5
36348,4.5
36349,4.5
36350,4.5
36353,4.5
36354,4.5
36355,4.5
36356,4.5
36357,4.5
36360,4.5
36361,4.5
36362,4.5
36363,4.5
36364,4.5
36367,4.5
36368,4.5
36369,4.5
36370,4.5
36371,4.5
36374,4.5
36375,4.5
36376,4.5
36377,4.5
36378,4.5
36381,4.5
36382,4.5
36383,4.5
36384,4.5
36385,4.5
36388,4.5
36389,4.5
36390,4.5
36391,4.5
36392,4.5
36395,4.5
36396,4.5
36397,4.5
36398,4.5
36399,4.5
36402,4.5
36403,4.5
36404,4.5
36405,4.5
36406,4.5
36409,4.5
36410,4.5
36411,4.5
36412,4.5
36413,4.5
36416,4.5
36417,4.5
36418,4.5
36419,4.5
36420,4.5
36423,4.5
36424,4.5
36425,4.5
36426,4.5
36427,4.5
36430,4.5
36431,4.5
36432,4.5
36433,4.5
36434,4.5
36437,4.5
36438,4.5
36439,4.5
36440,4.5
36441,4.5
36444,4.5
36445,4.5
36446,4.5
36447,4.5
36448,4.5
36451,4.5
36452,4.5
36453,4.5
36454,4.5
36455,4.5
36458,4.5
36459,4.5
36460,4.5
36461,4.5
36462,4.5
36465,4.5
36466,4.5
36467,4.5
36468,4.5
36469,4.5
36472,4.5
36473,4.5
36474,4.5
36475,4.5
36476,4.5
36479,4.5
36480,4.5
36481,4.75
36482,4.75
36483,4.75
36486,4.75
36487,4.75
36488,4.75
36489,4.75
36490,4.75
36493,4.75
36494,4.75
36495,4.75
36496,4.75
36497,4.75
36500,4.75
36501,4.75
36502,4.75
36503,4.75
36504,4.75
36507,4.75
36508,4.75
36509,4.75
36510,4.75
36511,4.75
36514,4.75
36515,4.75
36516,4.75
36517,4.75
36518,4.75
36521,4.75
36522,4.75
36523,4.75
36524,4.75
36525,4.75
36528,4.75
36529,4.75
36530,4.75
36531,4.75
36532,4.75
36535,4.75
36536,4.75
36537,4.75
36538,4.75
36539,4.75
36542,4.75
36543,4.75
36544,4.75
36545,4.75
36546,4.75
36549,4.75
36550,4.75
36551,4.75
36552,4.75
36553,4.75
36556,4.75
36557,4.75
36558,4.75
36559,5
36560,5
36563,5
36564,5
36565,5
36566,5
36567,5
36570,5
36571,5
36572,5
36573,5
36574,5
36577,5
36578,5
36579,5
36580,5
36581,5
36584,5
36585,5
36586,5
36587,5
36588,5
36591,5
36592,5
36593,5
36594,5
36595,5
36598,5
36599,5
36600,5
36601,5
36602,5
36605,5
36606,5
36607,5.25
36608,5.25
36609,5.25
36612,5.25
36613,5.25
36614,5.25
36615,5.25
36616,5.25
36619,5.25
36620,5.25
36621,5.25
36622,5.25
36623,5.25
36626,5.25
36627,5.25
36628,5.25
36629,5.25
36630,5.25
36633,5.25
36634,5.25
36635,5.25
36636,5.25
36637,5.25
36640,5.25
36641,5.25
36642,5.25
36643,5.25
36644,5.25
36647,5.25
36648,5.25
36649,5.25
36650,5.25
36651,5.25
36654,5.25
36655,5.25
36656,5.25
36657,5.25
36658,5.25
36661,5.25
36662,5.25
36663,5.75
36664,5.75
36665,5.75
36668,5.75
36669,5.75
36670,5.75
36671,5.75
36672,5.75
36675,5.75
36676,5.75
36677,5.75
36678,5.75
36679,5.75
36682,5.75
36683,5.75
36684,5.75
36685,5.75
36686,5.75
36689,5.75
36690,5.75
36691,5.75
36692,5.75
36693,5.75
36696,5.75
36697,5.75
36698,5.75
36699,5.75
36700,5.75
36703,5.75
36704,5.75
36705,5.75
36706,5.75
36707,5.75
36710,5.75
36711,5.75
36712,5.75
36713,5.75
36714,5.75
36717,5.75
36718,5.75
36719,5.75
36720,5.75
36721,5.75
36724,5.75
36725,5.75
36726,5.75
36727,5.75
36728,5.75
36731,5.75
36732,5.75
36733,5.75
36734,5.75
36735,5.75
36738,5.75
36739,5.75
36740,5.75
36741,5.75
36742,5.75
36745,5.75
36746,5.75
36747,5.75
36748,5.75
36749,5.75
36752,5.75
36753,5.75
36754,5.75
36755,5.75
36756,5.75
36759,5.75
36760,5.75
36761,5.75
36762,5.75
36763,5.75
36766,5.75
36767,5.75
36768,5.75
36769,5.75
36770,5.75
36773,5.75
36774,5.75
36775,5.75
36776,5.75
36777,5.75
36780,5.75
36781,5.75
36782,5.75
36783,5.75
36784,5.75
36787,5.75
36788,5.75
36789,5.75
36790,5.75
36791,5.75
36794,5.75
36795,5.75
36796,5.75
36797,5.75
36798,5.75
36801,5.75
36802,5.75
36803,5.75
36804,5.75
36805,5.75
36808,5.75
36809,5.75
36810,5.75
36811,5.75
36812,5.75
36815,5.75
36816,5.75
36817,5.75
36818,5.75
36819,5.75
36822,5.75
36823,5.75
36824,5.75
36825,5.75
36826,5.75
36829,5.75
36830,5.75
36831,5.75
36832,5.75
36833,5.75
36836,5.75
36837,5.75
36838,5.75
36839,5.75
36840,5.75
36843,5.75
36844,5.75
36845,5.75
36846,5.75
36847,5.75
36850,5.75
36851,5.75
36852,5.75
36853,5.75
36854,5.75
36857,5.75
36858,5.75
36859,5.75
36860,5.75
36861,5.75
36864,5.75
36865,5.75
36866,5.75
36867,5.75
36868,5.75
36871,5.75
36872,5.75
36873,5.75
36874,5.75
36875,5.75
36878,5.75
36879,5.75
36880,5.75
36881,5.75
36882,5.75
36885,5.75
36886,5.75
36887,5.75
36888,5.75
36889,5.75
36892,5.75
36893,5.75
36894,5.75
36895,5.75
36896,5.75
36899,5.75
36900,5.75
36901,5.75
36902,5.75
36903,5.75
36906,5.75
36907,5.75
36908,5.75
36909,5.75
36910,5.75
36913,5.75
36914,5.5
36915,5.5
36916,5.5
36917,5.5
36920,5.5
36921,5.5
36922,5.5
36923,5.5
36924,5.5
36927,5.5
36928,5.5
36929,5.5
36930,5.5
36931,5.5
36934,5.5
36935,5.5
36936,5.5
36937,5.5
36938,5.5
36941,5.5
36942,5.5
36943,5.5
36944,5.5
36945,5.5
36948,5.5
36949,5.5
36950,5.5
36951,5.5
36952,5.5
36955,5.5
36956,5
36957,5
36958,5
36959,5
36962,5
36963,5
36964,5
36965,5
36966,5
36969,5
36970,5
36971,5
36972,5
36973,5
36976,5
36977,5
36978,5
36979,5
36980,5
36983,5
36984,5
36985,5
36986,5
36987,5
36990,5
36991,5
36992,5
36993,5
36994,5
36997,5
36998,4.75
36999,4.75
37000,4.75
37001,4.75
37004,4.75
37005,4.75
37006,4.75
37007,4.75
37008,4.75
37011,4.75
37012,4.75
37013,4.75
37014,4.75
37015,4.75
37018,4.75
37019,4.75
37020,4.75
37021,4.75
37022,4.75
37025,4.75
37026,4.75
37027,4.75
37028,4.75
37029,4.75
37032,4.75
37033,4.75
37034,4.75
37035,4.75
37036,4.75
37039,4.75
37040,4.5
37041,4.5
37042,4.5
37043,4.5
37046,4.5
37047,4.5
37048,4.5
37049,4.5
37050,4.5
37053,4.5
37054,4.5
37055,4.5
37056,4.5
37057,4.5
37060,4.5
37061,4.5
37062,4.5
37063,4.5
37064,4.5
37067,4.5
37068,4.5
37069,4.5
37070,4.5
37071,4.5
37074,4.5
37075,4.5
37076,4.5
37077,4.5
37078,4.5
37081,4.5
37082,4.5
37083,4.5
37084,4.5
37085,4.5
37088,4.5
37089,4.25
37090,4.25
37091,4.25
37092,4.25
37095,4.25
37096,4.25
37097,4.25
37098,4.25
37099,4.25
37102,4.25
37103,4.25
37104,4.25
37105,4.25
37106,4.25
37109,4.25
37110,4.25
37111,4.25
37112,4.25
37113,4.25
37116,4.25
37117,4.25
37118,4.25
37119,4.25
37120,4.25
37123,4.25
37124,4.25
37125,4.25
37126,4.25
37127,4.25
37130,4.25
37131,4
37132,4
37133,4
37134,4
37137,4
37138,4
37139,4
37140,4
37141,4
37144,4
37145,4
37146,4
37147,4
37148,4
37151,3.5
37152,3.5
37153,3.5
37154,3.5
37155,3.5
37158,3.5
37159,3.5
37160,3.5
37161,3.5
37162,3.5
37165,3.5
37166,3.5
37167,3.5
37168,3.5
37169,3.5
37172,3.5
37173,3.5
37174,3.5
37175,3.5
37176,3.5
37179,3.5
37180,3.5
37181,3.5
37182,3.5
37183,3.5
37186,3.5
37187,2.75
37188,2.75
37189,2.75
37190,2.75
37193,2.75
37194,2.75
37195,2.75
37196,2.75
37197,2.75
37200,2.75
37201,2.75
37202,2.75
37203,2.75
37204,2.75
37207,2.75
37208,2.75
37209,2.75
37210,2.75
37211,2.75
37214,2.75
37215,2.75
37216,2.75
37217,2.75
37218,2.75
37221,2.75
37222,2.25
37223,2.25
37224,2.25
37225,2.25
37228,2.25
37229,2.25
37230,2.25
37231,2.25
37232,2.25
37235,2.25
37236,2.25
37237,2.25
37238,2.25
37239,2.25
37242,2.25
37243,2.25
37244,2.25
37245,2.25
37246,2.25
37249,2.25
37250,2.25
37251,2.25
37252,2.25
37253,2.25
37256,2.25
37257,2.25
37258,2.25
37259,2.25
37260,2.25
37263,2.25
37264,2.25
37265,2.25
37266,2.25
37267,2.25
37270,2.25
37271,2
37272,2
37273,2
37274,2
37277,2
37278,2
37279,2
37280,2
37281,2
37284,2
37285,2
37286,2
37287,2
37288,2
37291,2
37292,2
37293,2
37294,2
37295,2
37298,2
37299,2
37300,2
37301,2
37302,2
37305,2
37306,2
37307,2
37308,2
37309,2
37312,2
37313,2
37314,2
37315,2
37316,2
37319,2
37320,2
37321,2
37322,2
37323,2
37326,2
37327,2
37328,2
37329,2
37330,2
37333,2
37334,2
37335,2
37336,2
37337,2
37340,2
37341,2
37342,2
37343,2
37344,2
37347,2
37348,2
37349,2
37350,2
37351,2
37354,2
37355,2
37356,2
37357,2
37358,2
37361,2
37362,2.25
37363,2.25
37364,2.25
37365,2.25
37368,2.25
37369,2.25
37370,2.25
37371,2.25
37372,2.25
37375,2.25
37376,2.25
37377,2.25
37378,2.25
37379,2.25
37382,2.25
37383,2.25
37384,2.25
37385,2.25
37386,2.25
37389,2.25
37390,2.25
37391,2.25
37392,2.25
37393,2.25
37396,2.25
37397,2.25
37398,2.25
37399,2.25
37400,2.25
37403,2.25
37404,2.25
37405,2.25
37406,2.25
37407,2.25
37410,2.25
37411,2.5
37412,2.5
37413,2.5
37414,2.5
37417,2.5
37418,2.5
37419,2.5
37420,2.5
37421,2.5
37424,2.5
37425,2.5
37426,2.5
37427,2.5
37428,2.5
37431,2.5
37432,2.5
37433,2.5
37434,2.5
37435,2.5
37438,2.5
37439,2.5
37440,2.5
37441,2.5
37442,2.5
37445,2.5
37446,2.5
37447,2.5
37448,2.5
37449,2.5
37452,2.5
37453,2.75
37454,2.75
37455,2.75
37456,2.75
37459,2.75
37460,2.75
37461,2.75
37462,2.75
37463,2.75
37466,2.75
37467,2.75
37468,2.75
37469,2.75
37470,2.75
37473,2.75
37474,2.75
37475,2.75
37476,2.75
37477,2.75
37480,2.75
37481,2.75
37482,2.75
37483,2.75
37484,2.75
37487,2.75
37488,2.75
37489,2.75
37490,2.75
37491,2.75
37494,2.75
37495,2.75
37496,2.75
37497,2.75
37498,2.75
37501,2.75
37502,2.75
37503,2.75
37504,2.75
37505,2.75
37508,2.75
37509,2.75
37510,2.75
37511,2.75
37512,2.75
37515,2.75
37516,2.75
37517,2.75
37518,2.75
37519,2.75
37522,2.75
37523,2.75
37524,2.75
37525,2.75
37526,2.75
37529,2.75
37530,2.75
37531,2.75
37532,2.75
37533,2.75
37536,2.75
37537,2.75
37538,2.75
37539,2.75
37540,2.75
37543,2.75
37544,2.75
37545,2.75
37546,2.75
37547,2.75
37550,2.75
37551,2.75
37552,2.75
37553,2.75
37554,2.75
37557,2.75
37558,2.75
37559,2.75
37560,2.75
37561,2.75
37564,2.75
37565,2.75
37566,2.75
37567,2.75
37568,2.75
37571,2.75
37572,2.75
37573,2.75
37574,2.75
37575,2.75
37578,2.75
37579,2.75
37580,2.75
37581,2.75
37582,2.75
37585,2.75
37586,2.75
37587,2.75
37588,2.75
37589,2.75
37592,2.75
37593,2.75
37594,2.75
37595,2.75
37596,2.75
37599,2.75
37600,2.75
37601,2.75
37602,2.75
37603,2.75
37606,2.75
37607,2.75
37608,2.75
37609,2.75
37610,2.75
37613,2.75
37614,2.75
37615,2.75
37616,2.75
37617,2.75
37620,2.75
37621,2.75
37622,2.75
37623,2.75
37624,2.75
37627,2.75
37628,2.75
37629,2.75
37630,2.75
37631,2.75
37634,2.75
37635,2.75
37636,2.75
37637,2.75
37638,2.75
37641,2.75
37642,2.75
37643,2.75
37644,2.75
37645,2.75
37648,2.75
37649,2.75
37650,2.75
37651,2.75
37652,2.75
37655,2.75
37656,2.75
37657,2.75
37658,2.75
37659,2.75
37662,2.75
37663,2.75
37664,2.75
37665,2.75
37666,2.75
37669,2.75
37670,2.75
37671,2.75
37672,2.75
37673,2.75
37676,2.75
37677,2.75
37678,2.75
37679,2.75
37680,2.75
37683,2.75
37684,3
37685,3
37686,3
37687,3
37690,3
37691,3
37692,3
37693,3
37694,3
37697,3
37698,3
37699,3
37700,3
37701,3
37704,3
37705,3
37706,3
37707,3
37708,3
37711,3
37712,3
37713,3
37714,3
37715,3
37718,3
37719,3
37720,3
37721,3
37722,3
37725,3
37726,3.25
37727,3.25
37728,3.25
37729,3.25
37732,3.25
37733,3.25
37734,3.25
37735,3.25
37736,3.25
37739,3.25
37740,3.25
37741,3.25
37742,3.25
37743,3.25
37746,3.25
37747,3.25
37748,3.25
37749,3.25
37750,3.25
37753,3.25
37754,3.25
37755,3.25
37756,3.25
37757,3.25
37760,3.25
37761,3.25
37762,3.25
37763,3.25
37764,3.25
37767,3.25
37768,3.25
37769,3.25
37770,3.25
37771,3.25
37774,3.25
37775,3.25
37776,3.25
37777,3.25
37778,3.25
37781,3.25
37782,3.25
37783,3.25
37784,3.25
37785,3.25
37788,3.25
37789,3.25
37790,3.25
37791,3.25
37792,3.25
37795,3.25
37796,3.25
37797,3.25
37798,3.25
37799,3.25
37802,3.25
37803,3.25
37804,3.25
37805,3.25
37806,3.25
37809,3.25
37810,3.25
37811,3.25
37812,3.25
37813,3.25
37816,3.25
37817,3
37818,3
37819,3
37820,3
37823,3
37824,3
37825,3
37826,3
37827,3
37830,3
37831,3
37832,3
37833,3
37834,3
37837,3
37838,3
37839,3
37840,3
37841,3
37844,3
37845,3
37846,3
37847,3
37848,3
37851,3
37852,3
37853,3
37854,3
37855,3
37858,3
37859,3
37860,3
37861,3
37862,3
37865,3
37866,3
37867,2.75
37868,2.75
37869,2.75
37872,2.75
37873,2.75
37874,2.75
37875,2.75
37876,2.75
37879,2.75
37880,2.75
37881,2.75
37882,2.75
37883,2.75
37886,2.75
37887,2.75
37888,2.75
37889,2.75
37890,2.75
37893,2.75
37894,2.75
37895,2.75
37896,2.75
37897,2.75
37900,2.75
37901,2.75
37902,2.75
37903,2.75
37904,2.75
37907,2.75
37908,2.75
37909,2.75
37910,2.75
37911,2.75
37914,2.75
37915,2.75
37916,2.75
37917,2.75
37918,2.75
37921,2.75
37922,2.75
37923,2.75
37924,2.75
37925,2.75
37928,2.75
37929,2.75
37930,2.75
37931,2.75
37932,2.75
37935,2.75
37936,2.75
37937,2.75
37938,2.75
37939,2.75
37942,2.75
37943,2.75
37944,2.75
37945,2.75
37946,2.75
37949,2.75
37950,2.75
37951,2.75
37952,2.75
37953,2.75
37956,2.75
37957,2.75
37958,2.75
37959,2.75
37960,2.75
37963,2.75
37964,2.75
37965,2.75
37966,2.75
37967,2.75
37970,2.75
37971,2.75
37972,2.75
37973,2.75
37974,2.75
37977,2.75
37978,2.75
37979,2.75
37980,2.75
37981,2.75
37984,2.75
37985,2.75
37986,2.75
37987,2.75
37988,2.75
37991,2.75
37992,2.75
37993,2.75
37994,2.75
37995,2.75
37998,2.75
37999,2.75
38000,2.75
38001,2.75
38002,2.75
38005,2.75
38006,2.5
38007,2.5
38008,2.5
38009,2.5
38012,2.5
38013,2.5
38014,2.5
38015,2.5
38016,2.5
38019,2.5
38020,2.5
38021,2.5
38022,2.5
38023,2.5
38026,2.5
38027,2.5
38028,2.5
38029,2.5
38030,2.5
38033,2.5
38034,2.5
38035,2.5
38036,2.5
38037,2.5
38040,2.5
38041,2.5
38042,2.5
38043,2.5
38044,2.5
38047,2.5
38048,2.25
38049,2.25
38050,2.25
38051,2.25
38054,2.25
38055,2.25
38056,2.25
38057,2.25
38058,2.25
38061,2.25
38062,2.25
38063,2.25
38064,2.25
38065,2.25
38068,2.25
38069,2.25
38070,2.25
38071,2.25
38072,2.25
38075,2.25
38076,2.25
38077,2.25
38078,2.25
38079,2.25
38082,2.25
38083,2.25
38084,2.25
38085,2.25
38086,2.25
38089,2.25
38090,2
38091,2
38092,2
38093,2
38096,2
38097,2
38098,2
38099,2
38100,2
38103,2
38104,2
38105,2
38106,2
38107,2
38110,2
38111,2
38112,2
38113,2
38114,2
38117,2
38118,2
38119,2
38120,2
38121,2
38124,2
38125,2
38126,2
38127,2
38128,2
38131,2
38132,2
38133,2
38134,2
38135,2
38138,2
38139,2
38140,2
38141,2
38142,2
38145,2
38146,2
38147,2
38148,2
38149,2
38152,2
38153,2
38154,2
38155,2
38156,2
38159,2
38160,2
38161,2
38162,2
38163,2
38166,2
38167,2
38168,2
38169,2
38170,2
38173,2
38174,2
38175,2
38176,2
38177,2
38180,2
38181,2
38182,2
38183,2
38184,2
38187,2
38188,2
38189,2
38190,2
38191,2
38194,2
38195,2
38196,2
38197,2
38198,2
38201,2
38202,2
38203,2
38204,2
38205,2
38208,2
38209,2
38210,2
38211,2
38212,2
38215,2
38216,2
38217,2
38218,2
38219,2
38222,2
38223,2
38224,2
38225,2
38226,2
38229,2
38230,2
38231,2
38232,2
38233,2
38236,2
38237,2
38238,2.25
38239,2.25
38240,2.25
38243,2.25
38244,2.25
38245,2.25
38246,2.25
38247,2.25
38250,2.25
38251,2.25
38252,2.25
38253,2.25
38254,2.25
38257,2.25
38258,2.25
38259,2.25
38260,2.25
38261,2.25
38264,2.25
38265,2.25
38266,2.25
38267,2.25
38268,2.25
38271,2.25
38272,2.25
38273,2.25
38274,2.25
38275,2.25
38278,2.25
38279,2.5
38280,2.5
38281,2.5
38282,2.5
38285,2.5
38286,2.5
38287,2.5
38288,2.5
38289,2.5
38292,2.5
38293,2.5
38294,2.5
38295,2.5
38296,2.5
38299,2.5
38300,2.5
38301,2.5
38302,2.5
38303,2.5
38306,2.5
38307,2.5
38308,2.5
38309,2.5
38310,2.5
38313,2.5
38314,2.5
38315,2.5
38316,2.5
38317,2.5
38320,2.5
38321,2.5
38322,2.5
38323,2.5
38324,2.5
38327,2.5
38328,2.5
38329,2.5
38330,2.5
38331,2.5
38334,2.5
38335,2.5
38336,2.5
38337,2.5
38338,2.5
38341,2.5
38342,2.5
38343,2.5
38344,2.5
38345,2.5
38348,2.5
38349,2.5
38350,2.5
38351,2.5
38352,2.5
38355,2.5
38356,2.5
38357,2.5
38358,2.5
38359,2.5
38362,2.5
38363,2.5
38364,2.5
38365,2.5
38366,2.5
38369,2.5
38370,2.5
38371,2.5
38372,2.5
38373,2.5
38376,2.5
38377,2.5
38378,2.5
38379,2.5
38380,2.5
38383,2.5
38384,2.5
38385,2.5
38386,2.5
38387,2.5
38390,2.5
38391,2.5
38392,2.5
38393,2.5
38394,2.5
38397,2.5
38398,2.5
38399,2.5
38400,2.5
38401,2.5
38404,2.5
38405,2.5
38406,2.5
38407,2.5
38408,2.5
38411,2.5
38412,2.5
38413,2.5
38414,2.5
38415,2.5
38418,2.5
38419,2.5
38420,2.5
38421,2.5
38422,2.5
38425,2.5
38426,2.5
38427,2.5
38428,2.5
38429,2.5
38432,2.5
38433,2.5
38434,2.5
38435,2.5
38436,2.5
38439,2.5
38440,2.5
38441,2.5
38442,2.5
38443,2.5
38446,2.5
38447,2.5
38448,2.5
38449,2.5
38450,2.5
38453,2.5
38454,2.5
38455,2.5
38456,2.5
38457,2.5
38460,2.5
38461,2.5
38462,2.5
38463,2.5
38464,2.5
38467,2.5
38468,2.5
38469,2.5
38470,2.5
38471,2.5
38474,2.5
38475,2.5
38476,2.5
38477,2.5
38478,2.5
38481,2.5
38482,2.5
38483,2.5
38484,2.5
38485,2.5
38488,2.5
38489,2.5
38490,2.5
38491,2.5
38492,2.5
38495,2.5
38496,2.5
38497,2.5
38498,2.5
38499,2.5
38502,2.5
38503,2.5
38504,2.5
38505,2.5
38506,2.5
38509,2.5
38510,2.5
38511,2.5
38512,2.5
38513,2.5
38516,2.5
38517,2.5
38518,2.5
38519,2.5
38520,2.5
38523,2.5
38524,2.5
38525,2.5
38526,2.5
38527,2.5
38530,2.5
38531,2.5
38532,2.5
38533,2.5
38534,2.5
38537,2.5
38538,2.5
38539,2.5
38540,2.5
38541,2.5
38544,2.5
38545,2.5
38546,2.5
38547,2.5
38548,2.5
38551,2.5
38552,2.5
38553,2.5
38554,2.5
38555,2.5
38558,2.5
38559,2.5
38560,2.5
38561,2.5
38562,2.5
38565,2.5
38566,2.5
38567,2.5
38568,2.5
38569,2.5
38572,2.5
38573,2.5
38574,2.5
38575,2.5
38576,2.5
38579,2.5
38580,2.5
38581,2.5
38582,2.5
38583,2.5
38586,2.5
38587,2.5
38588,2.5
38589,2.5
38590,2.5
38593,2.5
38594,2.5
38595,2.5
38596,2.5
38597,2.5
38600,2.5
38601,2.5
38602,2.75
38603,2.75
38604,2.75
38607,2.75
38608,2.75
38609,2.75
38610,2.75
38611,2.75
38614,2.75
38615,2.75
38616,2.75
38617,2.75
38618,2.75
38621,2.75
38622,2.75
38623,2.75
38624,2.75
38625,2.75
38628,2.75
38629,2.75
38630,2.75
38631,2.75
38632,2.75
38635,2.75
38636,2.75
38637,2.75
38638,2.75
38639,2.75
38642,2.75
38643,3
38644,3
38645,3
38646,3
38649,3
38650,3
38651,3
38652,3
38653,3
38656,3
38657,3
38658,3
38659,3
38660,3
38663,3
38664,3
38665,3
38666,3
38667,3
38670,3
38671,3
38672,3
38673,3
38674,3
38677,3
38678,3
38679,3
38680,3
38681,3
38684,3
38685,3
38686,3
38687,3
38688,3
38691,3
38692,3.25
38693,3.25
38694,3.25
38695,3.25
38698,3.25
38699,3.25
38700,3.25
38701,3.25
38702,3.25
38705,3.25
38706,3.25
38707,3.25
38708,3.25
38709,3.25
38712,3.25
38713,3.25
38714,3.25
38715,3.25
38716,3.25
38719,3.25
38720,3.25
38721,3.25
38722,3.25
38723,3.25
38726,3.25
38727,3.25
38728,3.25
38729,3.25
38730,3.25
38733,3.25
38734,3.25
38735,3.25
38736,3.25
38737,3.25
38740,3.25
38741,3.5
38742,3.5
38743,3.5
38744,3.5
38747,3.5
38748,3.5
38749,3.5
38750,3.5
38751,3.5
38754,3.5
38755,3.5
38756,3.5
38757,3.5
38758,3.5
38761,3.5
38762,3.5
38763,3.5
38764,3.5
38765,3.5
38768,3.5
38769,3.5
38770,3.5
38771,3.5
38772,3.5
38775,3.5
38776,3.5
38777,3.5
38778,3.5
38779,3.5
38782,3.5
38783,3.75
38784,3.75
38785,3.75
38786,3.75
38789,3.75
38790,3.75
38791,3.75
38792,3.75
38793,3.75
38796,3.75
38797,3.75
38798,3.75
38799,3.75
38800,3.75
38803,3.75
38804,3.75
38805,3.75
38806,3.75
38807,3.75
38810,3.75
38811,3.75
38812,3.75
38813,3.75
38814,3.75
38817,3.75
38818,3.75
38819,3.75
38820,3.75
38821,3.75
38824,3.75
38825,3.75
38826,3.75
38827,3.75
38828,3.75
38831,3.75
38832,4
38833,4
38834,4
38835,4
38838,4
38839,4
38840,4
38841,4
38842,4
38845,4
38846,4
38847,4
38848,4
38849,4
38852,4
38853,4
38854,4
38855,4
38856,4
38859,4
38860,4
38861,4.25
38862,4.25
38863,4.25
38866,4.25
38867,4.25
38868,4.25
38869,4.25
38870,4.25
38873,4.25
38874,4.25
38875,4.25
38876,4.25
38877,4.25
38880,4.25
38881,4.25
38882,4.25
38883,4.25
38884,4.25
38887,4.25
38888,4.25
38889,4.25
38890,4.25
38891,4.25
38894,4.25
38895,4.25
38896,4.25
38897,4.25
38898,4.25
38901,4.25
38902,4.25
38903,4.25
38904,4.25
38905,4.25
38908,4.25
38909,4.25
38910,4.25
38911,4.25
38912,4.25
38915,4.25
38916,4.25
38917,4.25
38918,4.25
38919,4.25
38922,4.25
38923,4.25
38924,4.25
38925,4.25
38926,4.25
38929,4.25
38930,4.25
38931,4.25
38932,4.25
38933,4.25
38936,4.25
38937,4.25
38938,4.25
38939,4.25
38940,4.25
38943,4.25
38944,4.25
38945,4.25
38946,4.25
38947,4.25
38950,4.25
38951,4.25
38952,4.25
38953,4.25
38954,4.25
38957,4.25
38958,4.25
38959,4.25
38960,4.25
38961,4.25
38964,4.25
38965,4.25
38966,4.25
38967,4.25
38968,4.25
38971,4.25
38972,4.25
38973,4.25
38974,4.25
38975,4.25
38978,4.25
38979,4.25
38980,4.25
38981,4.25
38982,4.25
38985,4.25
38986,4.25
38987,4.25
38988,4.25
38989,4.25
38992,4.25
38993,4.25
38994,4.25
38995,4.25
38996,4.25
38999,4.25
39000,4.25
39001,4.25
39002,4.25
39003,4.25
39006,4.25
39007,4.25
39008,4.25
39009,4.25
39010,4.25
39013,4.25
39014,4.25
39015,4.25
39016,4.25
39017,4.25
39020,4.25
39021,4.25
39022,4.25
39023,4.25
39024,4.25
39027,4.25
39028,4.25
39029,4.25
39030,4.25
39031,4.25
39034,4.25
39035,4.25
39036,4.25
39037,4.25
39038,4.25
39041,4.25
39042,4.25
39043,4.25
39044,4.25
39045,4.25
39048,4.25
39049,4.25
39050,4.25
39051,4.25
39052,4.25
39055,4.25
39056,4.25
39057,4.25
39058,4.25
39059,4.25
39062,4.25
39063,4.25
39064,4.25
39065,4.25
39066,4.25
39069,4.25
39070,4.25
39071,4.25
39072,4.25
39073,4.25
39076,4.25
39077,4.25
39078,4.25
39079,4.25
39080,4.25
39083,4.25
39084,4.25
39085,4.25
39086,4.25
39087,4.25
39090,4.25
39091,4.25
39092,4.25
39093,4.25
39094,4.25
39097,4.25
39098,4.25
39099,4.25
39100,4.25
39101,4.25
39104,4.25
39105,4.25
39106,4.25
39107,4.25
39108,4.25
39111,4.25
39112,4.25
39113,4.25
39114,4.25
39115,4.25
39118,4.25
39119,4.25
39120,4.25
39121,4.25
39122,4.25
39125,4.25
39126,4.25
39127,4.25
39128,4.25
39129,4.25
39132,4.25
39133,4.25
39134,4.25
39135,4.25
39136,4.25
39139,4.25
39140,4.25
39141,4.25
39142,4.25
39143,4.25
39146,4.25
39147,4.25
39148,4.25
39149,4.25
39150,4.25
39153,4.25
39154,4.25
39155,4.25
39156,4.25
39157,4.25
39160,4.25
39161,4.25
39162,4.25
39163,4.25
39164,4.25
39167,4.25
39168,4.25
39169,4.25
39170,4.25
39171,4.25
39174,4.25
39175,4.25
39176,4.25
39177,4.25
39178,4.25
39181,4.25
39182,4.25
39183,4.25
39184,4.25
39185,4.25
39188,4.25
39189,4.25
39190,4.25
39191,4.25
39192,4.25
39195,4.25
39196,4.25
39197,4.25
39198,4.25
39199,4.25
39202,4.25
39203,4.25
39204,4.25
39205,4.25
39206,4.25
39209,4.25
39210,4.25
39211,4.25
39212,4.25
39213,4.25
39216,4.25
39217,4.25
39218,4.25
39219,4.25
39220,4.25
39223,4.25
39224,4.25
39225,4.25
39226,4.25
39227,4.25
39230,4.25
39231,4.25
39232,4.25
39233,4.25
39234,4.25
39237,4.25
39238,4.25
39239,4.25
39240,4.25
39241,4.25
39244,4.25
39245,4.25
39246,4.25
39247,4.25
39248,4.25
39251,4.25
39252,4.25
39253,4.25
39254,4.25
39255,4.25
39258,4.25
39259,4.25
39260,4.25
39261,4.25
39262,4.25
39265,4.25
39266,4.25
39267,4.25
39268,4.25
39269,4.25
39272,4.25
39273,4.5
39274,4.5
39275,4.5
39276,4.5
39279,4.5
39280,4.5
39281,4.5
39282,4.5
39283,4.5
39286,4.5
39287,4.5
39288,4.5
39289,4.5
39290,4.5
39293,4.5
39294,4.5
39295,4.5
39296,4.5
39297,4.5
39300,4.5
39301,4.5
39302,4.5
39303,4.5
39304,4.5
39307,4.5
39308,4.5
39309,4.5
39310,4.5
39311,4.5
39314,4.5
39315,4.5
39316,4.5
39317,4.5
39318,4.5
39321,4.5
39322,4.5
39323,4.5
39324,4.5
39325,4.5
39328,4.5
39329,4.5
39330,4.5
39331,4.5
39332,4.5
39335,4.5
39336,4.5
39337,4.5
39338,4.5
39339,4.5
39342,4.5
39343,4.5
39344,4.5
39345,4.5
39346,4.5
39349,4.5
39350,4.5
39351,4.5
39352,4.5
39353,4.5
39356,4.5
39357,4.5
39358,4.5
39359,4.5
39360,4.5
39363,4.5
39364,4.5
39365,4.5
39366,4.5
39367,4.5
39370,4.5
39371,4.5
39372,4.5
39373,4.5
39374,4.5
39377,4.5
39378,4.5
39379,4.5
39380,4.5
39381,4.5
39384,4.5
39385,4.5
39386,4.5
39387,4.5
39388,4.5
39391,4.5
39392,4.5
39393,4.5
39394,4.5
39395,4.5
39398,4.5
39399,4.5
39400,4.5
39401,4.5
39402,4.5
39405,4.5
39406,4.5
39407,4.5
39408,4.5
39409,4.5
39412,4.5
39413,4.5
39414,4.5
39415,4.5
39416,4.5
39419,4.5
39420,4.25
39421,4.25
39422,4.25
39423,4.25
39426,4.25
39427,4.25
39428,4.25
39429,4.25
39430,4.25
39433,4.25
39434,4.25
39435,4.25
39436,4.25
39437,4.25
39440,4.25
39441,4.25
39443,4.25
39444,4.25
39447,4.25
39448,4.25
39449,4.25
39450,4.25
39451,4.25
39454,4.25
39455,4.25
39456,4.25
39457,4.25
39458,4.25
39461,4.25
39462,4.25
39463,4.25
39464,4.25
39465,4.25
39468,4.25
39469,4
39470,4
39471,4
39472,4
39475,4
39476,4
39477,4
39478,4
39479,4
39482,4
39483,4
39484,4
39485,4
39486,4
39489,4
39490,4
39491,4
39492,4
39493,4
39496,4
39497,4
39498,4
39499,4
39500,4
39503,4
39504,4
39505,4
39506,4
39507,4
39510,4
39511,3.5
39512,3.5
39513,3.5
39514,3.5
39517,3.5
39518,3.5
39519,3.5
39520,3.5
39521,3.5
39524,3.5
39525,3.5
39526,3.5
39527,3.5
39528,3.5
39531,3.5
39532,3.5
39533,3.5
39534,3.5
39535,3.5
39538,3.5
39539,3.5
39540,3.5
39541,3.5
39542,3.5
39545,3.5
39546,3.5
39547,3.5
39548,3.5
39549,3.5
39552,3.5
39553,3.5
39554,3.5
39555,3.5
39556,3.5
39559,3.5
39560,3
39561,3
39562,3
39563,3
39566,3
39567,3
39568,3
39569,3
39570,3
39573,3
39574,3
39575,3
39576,3
39577,3
39580,3
39581,3
39582,3
39583,3
39584,3
39587,3
39588,3
39589,3
39590,3
39591,3
39594,3
39595,3
39596,3
39597,3
39598,3
39601,3
39602,3
39603,3
39604,3
39605,3
39608,3
39609,3
39610,3
39611,3
39612,3
39615,3
39616,3
39617,3
39618,3
39619,3
39622,3
39623,3
39624,3
39625,3
39626,3
39629,3
39630,3
39631,3
39632,3
39633,3
39636,3
39637,3
39638,3
39639,3
39640,3
39643,3
39644,3
39645,3
39646,3
39647,3
39650,3
39651,3
39652,3
39653,3
39654,3
39657,3
39658,3
39659,3
39660,3
39661,3
39664,3
39665,3
39666,3
39667,3
39668,3
39671,3
39672,3
39673,3
39674,3
39675,3
39678,3
39679,3
39680,3
39681,3
39682,3
39685,3
39686,3
39687,3
39688,3
39689,3
39692,3
39693,3
39694,3
39695,3
39696,3
39699,3
39700,3
39701,3
39702,3
39703,3
39706,3
39707,3
39708,3
39709,3
39710,3
39713,3
39714,3
39715,3
39716,3
39717,3
39720,3
39721,3
39722,3
39723,3
39724,3
39727,3
39728,3
39729,2.5
39730,2.5
39731,2.5
39734,2.5
39735,2.5
39736,2.5
39737,2.5
39738,2.5
39741,2.5
39742,2.25
39743,2.25
39744,2.25
39745,2.25
39748,2.25
39749,2.25
39750,2.25
39751,2.25
39752,2.25
39755,2.25
39756,2.25
39757,2.25
39758,2.25
39759,2.25
39762,2.25
39763,2.25
39764,2.25
39765,2.25
39766,2.25
39769,2.25
39770,2.25
39771,2.25
39772,2.25
39773,2.25
39776,2.25
39777,2.25
39778,2.25
39779,2.25
39780,2.25
39783,2.25
39784,2.25
39785,2.25
39786,2.25
39787,2.25
39790,2.25
39791,1.5
39792,1.5
39793,1.5
39794,1.5
39797,1.5
39798,1.5
39799,1.5
39800,1.5
39801,1.5
39804,1.5
39805,1.5
39806,1.5
39807,1.5
39811,1.5
39812,1.5
39813,1.5
39814,1.5
39815,1.5
39818,1.5
39819,1.5
39820,1.5
39821,1.5
39822,1.5
39825,1.5
39826,1.5
39827,1.5
39828,1.5
39829,1.5
39832,1.5
39833,1
39834,1
39835,1
39836,1
39839,1
39840,1
39841,1
39842,1
39843,1
39846,1
39847,1
39848,1
39849,1
39850,1
39853,1
39854,1
39855,1
39856,1
39857,1
39860,1
39861,1
39862,1
39863,1
39864,1
39867,1
39868,1
39869,1
39870,1
39871,1
39874,1
39875,0.5
39876,0.5
39877,0.5
39878,0.5
39881,0.5
39882,0.5
39883,0.5
39884,0.5
39885,0.5
39888,0.5
39889,0.5
39890,0.5
39891,0.5
39892,0.5
39895,0.5
39896,0.5
39897,0.5
39898,0.5
39899,0.5
39902,0.5
39903,0.5
39904,0.5
39905,0.5
39906,0.5
39909,0.5
39910,0.5
39911,0.5
39912,0.5
39913,0.5
39916,0.5
39917,0.5
39918,0.5
39919,0.5
39920,0.5
39923,0.5
39924,0.25
39925,0.25
39926,0.25
39927,0.25
39930,0.25
39931,0.25
39932,0.25
39933,0.25
39934,0.25
39937,0.25
39938,0.25
39939,0.25
39940,0.25
39941,0.25
39944,0.25
39945,0.25
39946,0.25
39947,0.25
39948,0.25
39951,0.25
39952,0.25
39953,0.25
39954,0.25
39955,0.25
39958,0.25
39959,0.25
39960,0.25
39961,0.25
39962,0.25
39965,0.25
39966,0.25
39967,0.25
39968,0.25
39969,0.25
39972,0.25
39973,0.25
39974,0.25
39975,0.25
39976,0.25
39979,0.25
39980,0.25
39981,0.25
39982,0.25
39983,0.25
39986,0.25
39987,0.25
39988,0.25
39989,0.25
39990,0.25
39993,0.25
39994,0.25
39995,0.25
39996,0.25
39997,0.25
40000,0.25
40001,0.25
40002,0.25
40003,0.25
40004,0.25
40007,0.25
40008,0.25
40009,0.25
40010,0.25
40011,0.25
40014,0.25
40015,0.25
40016,0.25
40017,0.25
40018,0.25
40021,0.25
40022,0.25
40023,0.25
40024,0.25
40025,0.25
40028,0.25
40029,0.25
40030,0.25
40031,0.25
40032,0.25
40035,0.25
40036,0.25
40037,0.25
40038,0.25
40039,0.25
40042,0.25
40043,0.25
40044,0.25
40045,0.25
40046,0.25
40049,0.25
40050,0.25
40051,0.25
40052,0.25
40053,0.25
40056,0.25
40057,0.25
40058,0.25
40059,0.25
40060,0.25
40063,0.25
40064,0.25
40065,0.25
40066,0.25
40067,0.25
40070,0.25
40071,0.25
40072,0.25
40073,0.25
40074,0.25
40077,0.25
40078,0.25
40079,0.25
40080,0.25
40081,0.25
40084,0.25
40085,0.25
40086,0.25
40087,0.25
40088,0.25
40091,0.25
40092,0.25
40093,0.25
40094,0.25
40095,0.25
40098,0.25
40099,0.25
40100,0.25
40101,0.25
40102,0.25
40105,0.25
40106,0.25
40107,0.25
40108,0.25
40109,0.25
40112,0.25
40113,0.25
40114,0.25
40115,0.25
40116,0.25
40119,0.25
40120,0.25
40121,0.25
40122,0.25
40123,0.25
40126,0.25
40127,0.25
40128,0.25
40129,0.25
40130,0.25
40133,0.25
40134,0.25
40135,0.25
40136,0.25
40137,0.25
40140,0.25
40141,0.25
40142,0.25
40143,0.25
40144,0.25
40147,0.25
40148,0.25
40149,0.25
40150,0.25
40151,0.25
40154,0.25
40155,0.25
40156,0.25
40157,0.25
40158,0.25
40161,0.25
40162,0.25
40163,0.25
40164,0.25
40165,0.25
40168,0.25
40169,0.25
40170,0.25
40171,0.25
40172,0.25
40176,0.25
40177,0.25
40178,0.25
40179,0.25
40182,0.25
40183,0.25
40184,0.25
40185,0.25
40186,0.25
40189,0.25
40190,0.25
40191,0.25
40192,0.25
40193,0.25
40196,0.25
40197,0.25
40198,0.25
40199,0.25
40200,0.25
40203,0.25
40204,0.25
40205,0.25
40206,0.25
40207,0.25
40210,0.25
40211,0.25
40212,0.25
40213,0.25
40214,0.25
40217,0.25
40218,0.25
40219,0.25
40220,0.25
40221,0.25
40224,0.25
40225,0.25
40226,0.25
40227,0.25
40228,0.25
40231,0.25
40232,0.25
40233,0.25
40234,0.25
40235,0.25
40238,0.25
40239,0.25
40240,0.25
40241,0.25
40242,0.25
40245,0.25
40246,0.25
40247,0.25
40248,0.25
40249,0.25
40252,0.25
40253,0.25
40254,0.25
40255,0.25
40256,0.25
40259,0.25
40260,0.25
40261,0.25
40262,0.25
40263,0.25
40266,0.25
40267,0.25
40268,0.25
40269,0.25
40270,0.25
40273,0.25
40274,0.25
40275,0.25
40276,0.25
40277,0.25
40280,0.25
40281,0.25
40282,0.25
40283,0.25
40284,0.25
40287,0.25
40288,0.25
40289,0.25
40290,0.25
40291,0.25
40294,0.25
40295,0.25
40296,0.25
40297,0.25
40298,0.25
40301,0.25
40302,0.25
40303,0.25
40304,0.25
40305,0.25
40308,0.25
40309,0.25
40310,0.25
40311,0.25
40312,0.25
40315,0.25
40316,0.25
40317,0.25
40318,0.25
40319,0.25
40322,0.25
40323,0.25
40324,0.25
40325,0.25
40326,0.25
40329,0.25
40330,0.5
40331,0.5
40332,0.5
40333,0.5
40336,0.5
40337,0.5
40338,0.5
40339,0.5
40340,0.5
40343,0.5
40344,0.5
40345,0.5
40346,0.5
40347,0.5
40350,0.5
40351,0.5
40352,0.5
40353,0.5
40354,0.5
40357,0.5
40358,0.5
40359,0.5
40360,0.5
40361,0.5
40364,0.5
40365,0.5
40366,0.5
40367,0.5
40368,0.5
40371,0.5
40372,0.5
40373,0.5
40374,0.5
40375,0.5
40378,0.5
40379,0.75
40380,0.75
40381,0.75
40382,0.75
40385,0.75
40386,0.75
40387,0.75
40388,0.75
40389,0.75
40392,0.75
40393,0.75
40394,0.75
40395,0.75
40396,0.75
40399,0.75
40400,0.75
40401,0.75
40402,0.75
40403,0.75
40406,0.75
40407,0.75
40408,0.75
40409,0.75
40410,0.75
40413,0.75
40414,0.75
40415,0.75
40416,0.75
40417,0.75
40420,0.75
40421,0.75
40422,0.75
40423,0.75
40424,0.75
40427,0.75
40428,0.75
40429,1
40430,1
40431,1
40434,1
40435,1
40436,1
40437,1
40438,1
40441,1
40442,1
40443,1
40444,1
40445,1
40448,1
40449,1
40450,1
40451,1
40452,1
40455,1
40456,1
40457,1
40458,1
40459,1
40462,1
40463,1
40464,1
40465,1
40466,1
40469,1
40470,1
40471,1
40472,1
40473,1
40476,1
40477,1
40478,1
40479,1
40480,1
40483,1
40484,1
40485,1
40486,1
40487,1
40490,1
40491,1
40492,1
40493,1
40494,1
40497,1
40498,1
40499,1
40500,1
40501,1
40504,1
40505,1
40506,1
40507,1
40508,1
40511,1
40512,1
40513,1
40514,1
40515,1
40518,1
40519,1
40520,1
40521,1
40522,1
40525,1
40526,1
40527,1
40528,1
40529,1
40532,1
40533,1
40534,1
40535,1
40536,1
40539,1
40541,1
40542,1
40543,1
40546,1
40547,1
40548,1
40549,1
40550,1
40553,1
40554,1
40555,1
40556,1
40557,1
40560,1
40561,1
40562,1
40563,1
40564,1
40567,1
40568,1
40569,1
40570,1
40571,1
40574,1
40575,1
40576,1
40577,1
40578,1
40581,1
40582,1
40583,1
40584,1
40585,1
40588,1
40589,1
40590,1
40591,1
40592,1
40595,1
40596,1
40597,1
40598,1
40599,1
40602,1
40603,1
40604,1
40605,1
40606,1
40609,1
40610,1
40611,1
40612,1
40613,1
40616,1
40617,1
40618,1
40619,1
40620,1
40623,1
40624,1
40625,1
40626,1
40627,1
40630,1
40631,1
40632,1
40633,1
40634,1
40637,1
40638,1
40639,1
40640,1
40641,1
40644,1
40645,1
40646,1
40647,1
40648,1
40651,1
40652,1
40653,1
40654,1
40655,1
40658,1
40659,1
40660,1
40661,1
40662,1
40665,1
40666,1
40667,1
40668,1
40669,1
40672,1
40673,1
40674,1
40675,1
40676,1
40679,1
40680,1
40681,1
40682,1
40683,1
40686,1
40687,1
40688,1
40689,1
40690,1
40693,1
40694,1
40695,1
40696,1
40697,1
40700,1
40701,1
40702,1
40703,1
40704,1
40707,1
40708,1
40709,1
40710,1
40711,1
40714,1
40715,1
40716,1
40717,1
40718,1
40721,1
40722,1
40723,1
40724,1
40725,1
40728,1
40729,1
40730,1
40731,1
40732,1
40735,1
40736,1
40737,1
40738,1
40739,1
40742,1
40743,1
40744,1
40745,1
40746,1
40749,1
40750,1
40751,1
40752,1
40753,1
40756,1
40757,1
40758,1
40759,1
40760,1
40763,1
40764,1
40765,1
40766,1
40767,1
40770,1
40771,1
40772,1
40773,1
40774,1
40777,1
40778,1
40779,1
40780,1
40781,1
40784,1
40785,1
40786,1
40787,1
40788,1
40791,1
40792,1
40793,1
40794,1
40795,1
40798,1
40799,1
40800,1
40801,1
40802,1
40805,1
40806,1
40807,1
40808,1
40809,1
40812,1
40813,1
40814,1
40815,1
40816,1
40819,1
40820,1
40821,1
40822,1
40823,1
40826,1
40827,1
40828,1
40829,1
40830,1
40833,1
40834,1
40835,1
40836,1
40837,1
40840,1
40841,1
40842,1
40843,1
40844,1
40847,1
40848,1
40849,1
40850,1
40851,1
40854,1
40855,1
40856,1
40857,1
40858,1
40861,1
40862,1
40863,1
40864,1
40865,1
40868,1
40869,1
40870,1
40871,1
40872,1
40875,1
40876,1
40877,1
40878,1
40879,1
40882,1
40883,1
40884,1
40885,1
40886,1
40889,1
40890,1
40891,1
40892,1
40893,1
40896,1
40897,1
40898,1
40899,1
40900,1
40903,1
40905,1
40906,1
40907,1
40910,1
40911,1
40912,1
40913,1
40914,1
40917,1
40918,1
40919,1
40920,1
40921,1
40924,1
40925,1
40926,1
40927,1
40928,1
40931,1
40932,1
40933,1
40934,1
40935,1
40938,1
40939,1
40940,1
40941,1
40942,1
40945,1
40946,1
40947,1
40948,1
40949,1
40952,1
40953,1
40954,1
40955,1
40956,1
40959,1
40960,1
40961,1
40962,1
40963,1
40966,1
40967,1
40968,1
40969,1
40970,1
40973,1
40974,1
40975,1
40976,1
40977,1
40980,1
40981,1
40982,1
40983,1
40984,1
40987,1
40988,1
40989,1
40990,1
40991,1
40994,1
40995,1
40996,1
40997,1
40998,1
41001,1
41002,1
41003,1
41004,1
41005,1
41008,1
41009,1
41010,1
41011,1
41012,1
41015,1
41016,1
41017,1
41018,1
41019,1
41022,1
41023,1
41024,1
41025,1
41026,1
41029,1
41030,1
41031,1
41032,1
41033,1
41036,1
41037,1
41038,1
41039,1
41040,1
41043,1
41044,1
41045,1
41046,1
41047,1
41050,1
41051,1
41052,1
41053,1
41054,1
41057,1
41058,1
41059,1
41060,1
41061,1
41064,1
41065,1
41066,1
41067,1
41068,1
41071,1
41072,1
41073,1
41074,1
41075,1
41078,1
41079,1
41080,1
41081,1
41082,1
41085,1
41086,1
41087,1
41088,1
41089,1
41092,1
41093,1
41094,1
41095,1
41096,1
41099,1
41100,1
41101,1
41102,1
41103,1
41106,1
41107,1
41108,1
41109,1
41110,1
41113,1
41114,1
41115,1
41116,1
41117,1
41120,1
41121,1
41122,1
41123,1
41124,1
41127,1
41128,1
41129,1
41130,1
41131,1
41134,1
41135,1
41136,1
41137,1
41138,1
41141,1
41142,1
41143,1
41144,1
41145,1
41148,1
41149,1
41150,1
41151,1
41152,1
41155,1
41156,1
41157,1
41158,1
41159,1
41162,1
41163,1
41164,1
41165,1
41166,1
41169,1
41170,1
41171,1
41172,1
41173,1
41176,1
41177,1
41178,1
41179,1
41180,1
41183,1
41184,1
41185,1
41186,1
41187,1
41190,1
41191,1
41192,1
41193,1
41194,1
41197,1
41198,1
41199,1
41200,1
41201,1
41204,1
41205,1
41206,1
41207,1
41208,1
41211,1
41212,1
41213,1
41214,1
41215,1
41218,1
41219,1
41220,1
41221,1
41222,1
41225,1
41226,1
41227,1
41228,1
41229,1
41232,1
41233,1
41234,1
41235,1
41236,1
41239,1
41240,1
41241,1
41242,1
41243,1
41246,1
41247,1
41248,1
41249,1
41250,1
41253,1
41254,1
41255,1
41256,1
41257,1
41260,1
41261,1
41262,1
41263,1
41264,1
41267,1
41268,1
41270,1
41271,1
41274,1
41275,1
41276,1
41277,1
41278,1
41281,1
41282,1
41283,1
41284,1
41285,1
41288,1
41289,1
41290,1
41291,1
41292,1
41295,1
41296,1
41297,1
41298,1
41299,1
41302,1
41303,1
41304,1
41305,1
41306,1
41309,1
41310,1
41311,1
41312,1
41313,1
41316,1
41317,1
41318,1
41319,1
41320,1
41323,1
41324,1
41325,1
41326,1
41327,1
41330,1
41331,1
41332,1
41333,1
41334,1
41337,1
41338,1
41339,1
41340,1
41341,1
41344,1
41345,1
41346,1
41347,1
41348,1
41351,1
41352,1
41353,1
41354,1
41355,1
41358,1
41359,1
41360,1
41361,1
41362,1
41365,1
41366,1
41367,1
41368,1
41369,1
41372,1
41373,1
41374,1
41375,1
41376,1
41379,1
41380,1
41381,1
41382,1
41383,1
41386,1
41387,1
41388,1
41389,1
41390,1
41393,1
41394,1
41395,1
41396,1
41397,1
41400,1
41401,1
41402,1
41403,1
41404,1
41407,1
41408,1
41409,1
41410,1
41411,1
41414,1
41415,1
41416,1
41417,1
41418,1
41421,1
41422,1
41423,1
41424,1
41425,1
41428,1
41429,1
41430,1
41431,1
41432,1
41435,1
41436,1
41437,1
41438,1
41439,1
41442,1
41443,1
41444,1
41445,1
41446,1
41449,1
41450,1
41451,1
41452,1
41453,1
41456,1
41457,1
41458,1
41459,1
41460,1
41463,1
41464,1
41465,1
41466,1
41467,1
41470,1
41471,1
41472,1
41473,1
41474,1
41477,1
41478,1
41479,1
41480,1
41481,1
41484,1
41485,1
41486,1
41487,1
41488,1
41491,1
41492,1
41493,1
41494,1
41495,1
41498,1
41499,1
41500,1
41501,1
41502,1
41505,1
41506,1
41507,1
41508,1
41509,1
41512,1
41513,1
41514,1
41515,1
41516,1
41519,1
41520,1
41521,1
41522,1
41523,1
41526,1
41527,1
41528,1
41529,1
41530,1
41533,1
41534,1
41535,1
41536,1
41537,1
41540,1
41541,1
41542,1
41543,1
41544,1
41547,1
41548,1
41549,1
41550,1
41551,1
41554,1
41555,1
41556,1
41557,1
41558,1
41561,1
41562,1
41563,1
41564,1
41565,1
41568,1
41569,1
41570,1
41571,1
41572,1
41575,1
41576,1
41577,1
41578,1
41579,1
41582,1
41583,1
41584,1
41585,1
41586,1
41589,1
41590,1
41591,1
41592,1
41593,1
41596,1
41597,1
41598,1
41599,1
41600,1
41603,1
41604,1
41605,1
41606,1
41607,1
41610,1
41611,1
41612,1
41613,1
41614,1
41617,1
41618,1
41619,1
41620,1
41621,1
41624,1
41625,1
41626,1
41627,1
41628,1
41631,1
41632,1
41633,1
41634,1
41635,1
41638,1
41639,1
41640,1
41641,1
41642,1
41645,1
41646,1
41647,1
41648,1
41649,1
41652,1
41653,1
41654,1
41655,1
41656,1
41659,1
41660,1
41661,1
41662,1
41663,1
41666,1
41667,1
41668,1
41669,1
41670,1
41673,1
41674,1
41675,1
41676,1
41677,1
41680,1
41681,1
41682,1
41683,1
41684,1
41687,1
41688,1
41689,1
41690,1
41691,1
41694,1
41695,1
41696,1
41697,1
41698,1
41701,1
41702,1
41703,1
41704,1
41705,1
41708,1
41709,1
41710,1
41711,1
41712,1
41715,1
41716,1
41717,1
41718,1
41719,1
41722,1
41723,1
41724,1
41725,1
41726,1
41729,1
41730,1
41731,1
41732,1
41733,1
41736,1
41737,1
41738,1
41739,1
41740,1
41743,1
41744,1
41745,1
41746,1
41747,1
41750,1
41751,1
41752,1
41753,1
41754,1
41757,1
41758,1
41759,1
41760,1
41761,1
41764,1
41765,1
41766,1
41767,1
41768,1
41771,1
41772,1
41773,1
41774,1
41775,1
41778,1
41779,1
41780,1
41781,1
41782,1
41785,1
41786,1
41787,1
41788,1
41789,1
41792,1
41793,1
41794,1
41795,1
41796,1
41799,1
41800,1
41801,1
41802,1
41803,1
41806,1
41807,1
41808,1
41809,1
41810,1
41813,1
41814,1
41815,1
41816,1
41817,1
41820,1
41821,1
41822,1
41823,1
41824,1
41827,1
41828,1
41829,1
41830,1
41831,1
41834,1
41835,1
41836,1
41837,1
41838,1
41841,1
41842,1
41843,1
41844,1
41845,1
41848,1
41849,1
41850,1
41851,1
41852,1
41855,1
41856,1
41857,1
41858,1
41859,1
41862,1
41863,1
41864,1
41865,1
41866,1
41869,1
41870,1
41871,1
41872,1
41873,1
41876,1
41877,1
41878,1
41879,1
41880,1
41883,1
41884,1
41885,1
41886,1
41887,1
41890,1
41891,1
41892,1
41893,1
41894,1
41897,1
41898,1
41899,1
41900,1
41901,1
41904,1
41905,1
41906,1
41907,1
41908,1
41911,1
41912,1
41913,1
41914,1
41915,1
41918,1
41919,1
41920,1
41921,1
41922,1
41925,1
41926,1
41927,1
41928,1
41929,1
41932,1
41933,1
41934,1
41935,1
41936,1
41939,1
41940,1
41941,1
41942,1
41943,1
41946,1
41947,1
41948,1
41949,1
41950,1
41953,1
41954,1
41955,1
41956,1
41957,1
41960,1
41961,1
41962,1
41963,1
41964,1
41967,1
41968,1
41969,1
41970,1
41971,1
41974,1
41975,1
41976,1
41977,1
41978,1
41981,1
41982,1
41983,1
41984,1
41985,1
41988,1
41989,1
41990,1
41991,1
41992,1
41995,1
41996,1
41997,1
41998,1
41999,1
42002,1
42003,1
42004,1
42005,1
42006,1
42009,1
42010,1
42011,1
42012,1
42013,1
42016,1
42017,1
42018,1
42019,1
42020,1
42023,1
42024,1
42025,0.75
42026,0.75
42027,0.75
42030,0.75
42031,0.75
42032,0.75
42033,0.75
42034,0.75
42037,0.75
42038,0.75
42039,0.75
42040,0.75
42041,0.75
42044,0.75
42045,0.75
42046,0.75
42047,0.75
42048,0.75
42051,0.75
42052,0.75
42053,0.75
42054,0.75
42055,0.75
42058,0.75
42059,0.75
42060,0.75
42061,0.75
42062,0.75
42065,0.75
42066,0.75
42067,0.75
42068,0.75
42069,0.75
42072,0.75
42073,0.75
42074,0.75
42075,0.75
42076,0.75
42079,0.75
42080,0.75
42081,0.75
42082,0.75
42083,0.75
42086,0.75
42087,0.75
42088,0.75
42089,0.75
42090,0.75
42093,0.75
42094,0.75
42095,0.75
42096,0.75
42097,0.75
42100,0.75
42101,0.75
42102,0.75
42103,0.75
42104,0.75
42107,0.75
42108,0.75
42109,0.75
42110,0.75
42111,0.75
42114,0.75
42115,0.75
42116,0.75
42117,0.75
42118,0.75
42121,0.75
42122,0.75
42123,0.75
42124,0.75
42125,0.75
42128,0.75
42129,0.75
42130,0.75
42131,0.75
42132,0.75
42135,0.75
42136,0.75
42137,0.75
42138,0.75
42139,0.75
42142,0.75
42143,0.75
42144,0.75
42145,0.75
42146,0.75
42149,0.75
42150,0.75
42151,0.75
42152,0.75
42153,0.75
42156,0.75
42157,0.75
42158,0.75
42159,0.75
42160,0.75
42163,0.75
42164,0.75
42165,0.75
42166,0.75
42167,0.75
42170,0.75
42171,0.75
42172,0.75
42173,0.75
42174,0.75
42177,0.75
42178,0.75
42179,0.75
42180,0.75
42181,0.75
42184,0.75
42185,0.75
42186,0.75
42187,0.75
42188,0.75
42191,0.75
42192,0.75
42193,0.75
42194,0.75
42195,0.75
42198,0.75
42199,0.75
42200,0.5
42201,0.5
42202,0.5
42205,0.5
42206,0.5
42207,0.5
42208,0.5
42209,0.5
42212,0.5
42213,0.5
42214,0.5
42215,0.5
42216,0.5
42219,0.5
42220,0.5
42221,0.5
42222,0.5
42223,0.5
42226,0.5
42227,0.5
42228,0.5
42229,0.5
42230,0.5
42233,0.5
42234,0.5
42235,0.5
42236,0.5
42237,0.5
42240,0.5
42241,0.5
42242,0.5
42243,0.5
42244,0.5
42247,0.5
42248,0.5
42249,0.5
42250,0.5
42251,0.5
42254,0.5
42255,0.5
42256,0.5
42257,0.5
42258,0.5
42261,0.5
42262,0.5
42263,0.5
42264,0.5
42265,0.5
42268,0.5
42269,0.5
42270,0.5
42271,0.5
42272,0.5
42275,0.5
42276,0.5
42277,0.5
42278,0.5
42279,0.5
42282,0.5
42283,0.5
42284,0.5
42285,0.5
42286,0.5
42289,0.5
42290,0.5
42291,0.5
42292,0.5
42293,0.5
42296,0.5
42297,0.5
42298,0.5
42299,0.5
42300,0.5
42303,0.5
42304,0.5
42305,0.5
42306,0.5
42307,0.5
42310,0.5
42311,0.5
42312,0.5
42313,0.5
42314,0.5
42317,0.5
42318,0.5
42319,0.5
42320,0.5
42321,0.5
42324,0.5
42325,0.5
42326,0.5
42327,0.5
42328,0.5
42331,0.5
42332,0.5
42333,0.5
42334,0.5
42335,0.5
42338,0.5
42339,0.5
42340,0.5
42341,0.5
42342,0.5
42345,0.5
42346,0.5
42347,0.5
42348,0.5
42349,0.5
42352,0.5
42353,0.5
42354,0.5
42355,0.5
42356,0.5
42359,0.5
42360,0.5
42361,0.5
42362,0.5
42363,0.5
42366,0.5
42367,0.5
42368,0.5
42369,0.5
42370,0.5
42373,0.5
42374,0.5
42375,0.5
42376,0.5
42377,0.5
42380,0.5
42381,0.5
42382,0.5
42383,0.5
42384,0.5
42387,0.5
42388,0.5
42389,0.5
42390,0.5
42391,0.5
42394,0.5
42395,0.5
42396,0.5
42397,0.5
42398,0.5
42401,0.5
42402,0.5
42403,0.5
42404,0.5
42405,0.5
42408,0.5
42409,0.5
42410,0.5
42411,0.5
42412,0.5
42415,0.5
42416,0.5
42417,0.5
42418,0.5
42419,0.5
42422,0.5
42423,0.5
42424,0.5
42425,0.5
42426,0.5
42429,0.5
42430,0.5
42431,0.5
42432,0.5
42433,0.5
42436,0.5
42437,0.5
42438,0.5
42439,0.5
42440,0.5
42443,0.5
42444,0.5
42445,0.5
42446,0.5
42447,0.5
42450,0.5
42451,0.5
42452,0.5
42453,0.5
42454,0.5
42457,0.5
42458,0.5
42459,0.5
42460,0.5
42461,0.5
42464,0.5
42465,0.5
42466,0.5
42467,0.5
42468,0.5
42471,0.5
42472,0.5
42473,0.5
42474,0.5
42475,0.5
42478,0.5
42479,0.5
42480,0.5
42481,0.5
42482,0.5
42485,0.5
42486,0.5
42487,0.5
42488,0.5
42489,0.5
42492,0.5
42493,0.5
42494,0.5
42495,0.5
42496,0.5
42499,0.5
42500,0.5
42501,0.5
42502,0.5
42503,0.5
42506,0.5
42507,0.5
42508,0.5
42509,0.5
42510,0.5
42513,0.5
42514,0.5
42515,0.5
42516,0.5
42517,0.5
42520,0.5
42521,0.5
42522,0.5
42523,0.5
42524,0.5
42527,0.5
42528,0.5
42529,0.5
42530,0.5
42531,0.5
42534,0.5
42535,0.5
42536,0.5
42537,0.5
42538,0.5
42541,0.5
42542,0.5
42543,0.5
42544,0.5
42545,0.5
42548,0.5
42549,0.5
42550,0.5
42551,0.5
42552,0.5
42555,0.5
42556,0.5
42557,0.5
42558,0.5
42559,0.5
42562,0.5
42563,0.5
42564,0.5
42565,0.5
42566,0.5
42569,0.5
42570,0.5
42571,0.5
42572,0.5
42573,0.5
42576,0.5
42577,0.5
42578,0.5
42579,0.5
42580,0.5
42583,0.5
42584,0.5
42585,0.5
42586,0.5
42587,0.5
42590,0.5
42591,0.5
42592,0.5
42593,0.5
42594,0.5
42597,0.5
42598,0.5
42599,0.5
42600,0.5
42601,0.5
42604,0.5
42605,0.5
42606,0.5
42607,0.5
42608,0.5
42611,0.5
42612,0.5
42613,0.5
42614,0.5
42615,0.5
42618,0.5
42619,0.5
42620,0.5
42621,0.5
42622,0.5
42625,0.5
42626,0.5
42627,0.5
42628,0.5
42629,0.5
42632,0.5
42633,0.5
42634,0.5
42635,0.5
42636,0.5
42639,0.5
42640,0.5
42641,0.5
42642,0.5
42643,0.5
42646,0.5
42647,0.5
42648,0.5
42649,0.5
42650,0.5
42653,0.5
42654,0.5
42655,0.5
42656,0.5
42657,0.5
42660,0.5
42661,0.5
42662,0.5
42663,0.5
42664,0.5
42667,0.5
42668,0.5
42669,0.5
42670,0.5
42671,0.5
42674,0.5
42675,0.5
42676,0.5
42677,0.5
42678,0.5
42681,0.5
42682,0.5
42683,0.5
42684,0.5
42685,0.5
42688,0.5
42689,0.5
42690,0.5
42691,0.5
42692,0.5
42695,0.5
42696,0.5
42697,0.5
42698,0.5
42699,0.5
42702,0.5
42703,0.5
42704,0.5
42705,0.5
42706,0.5
42709,0.5
42710,0.5
42711,0.5
42712,0.5
42713,0.5
42716,0.5
42717,0.5
42718,0.5
42719,0.5
42720,0.5
42723,0.5
42724,0.5
42725,0.5
42726,0.5
42727,0.5
42730,0.5
42731,0.5
42732,0.5
42733,0.5
42734,0.5
42737,0.5
42738,0.5
42739,0.5
42740,0.5
42741,0.5
42744,0.5
42745,0.5
42746,0.5
42747,0.5
42748,0.5
42751,0.5
42752,0.5
42753,0.5
42754,0.5
42755,0.5
42758,0.5
42759,0.5
42760,0.5
42761,0.5
42762,0.5
42765,0.5
42766,0.5
42767,0.5
42768,0.5
42769,0.5
42772,0.5
42773,0.5
42774,0.5
42775,0.5
42776,0.5
42779,0.5
42780,0.5
42781,0.5
42782,0.5
42783,0.5
42786,0.5
42787,0.5
42788,0.5
42789,0.5
42790,0.5
42793,0.5
42794,0.5
42795,0.5
42796,0.5
42797,0.5
42800,0.5
42801,0.5
42802,0.5
42803,0.5
42804,0.5
42807,0.5
42808,0.5
42809,0.5
42810,0.5
42811,0.5
42814,0.5
42815,0.5
42816,0.5
42817,0.5
42818,0.5
42821,0.5
42822,0.5
42823,0.5
42824,0.5
42825,0.5
42828,0.5
42829,0.5
42830,0.5
42831,0.5
42832,0.5
42835,0.5
42836,0.5
42837,0.5
42838,0.5
42839,0.5
42842,0.5
42843,0.5
42844,0.5
42845,0.5
42846,0.5
42849,0.5
42850,0.5
42851,0.5
42852,0.5
42853,0.5
42856,0.5
42857,0.5
42858,0.5
42859,0.5
42860,0.5
42863,0.5
42864,0.5
42865,0.5
42866,0.5
42867,0.5
42870,0.5
42871,0.5
42872,0.5
42873,0.5
42874,0.5
42877,0.5
42878,0.5
42879,0.5
42880,0.5
42881,0.5
42884,0.5
42885,0.5
42886,0.5
42887,0.5
42888,0.5
42891,0.5
42892,0.5
42893,0.5
42894,0.5
42895,0.5
42898,0.5
42899,0.5
42900,0.5
42901,0.5
42902,0.5
42905,0.5
42906,0.5
42907,0.5
42908,0.5
42909,0.5
42912,0.5
42913,0.5
42914,0.5
42915,0.5
42916,0.5
42919,0.5
42920,0.5
42921,0.5
42922,0.5
42923,0.5
42926,0.5
42927,0.5
42928,0.75
42929,0.75
42930,0.75
42933,0.75
42934,0.75
42935,0.75
42936,0.75
42937,0.75
42940,0.75
42941,0.75
42942,0.75
42943,0.75
42944,0.75
42947,0.75
42948,0.75
42949,0.75
42950,0.75
42951,0.75
42954,0.75
42955,0.75
42956,0.75
42957,0.75
42958,0.75
42961,0.75
42962,0.75
42963,0.75
42964,0.75
42965,0.75
42968,0.75
42969,0.75
42970,0.75
42971,0.75
42972,0.75
42975,0.75
42976,0.75
42977,0.75
42978,0.75
42979,0.75
42982,0.75
42983,0.75
42984,1
42985,1
42986,1
42989,1
42990,1
42991,1
42992,1
42993,1
42996,1
42997,1
42998,1
42999,1
43000,1
43003,1
43004,1
43005,1
43006,1
43007,1
43010,1
43011,1
43012,1
43013,1
43014,1
43017,1
43018,1
43019,1
43020,1
43021,1
43024,1
43025,1
43026,1
43027,1
43028,1
43031,1
43032,1
43033,1
43034,1
43035,1
43038,1
43039,1
43040,1
43041,1
43042,1
43045,1
43046,1
43047,1
43048,1
43049,1
43052,1
43053,1
43054,1
43055,1
43056,1
43059,1
43060,1
43061,1
43062,1
43063,1
43066,1
43067,1
43068,1
43069,1
43070,1
43073,1
43074,1
43075,1
43076,1
43077,1
43080,1
43081,1
43082,1
43083,1
43084,1
43087,1
43088,1
43089,1
43090,1
43091,1
43094,1
43095,1
43096,1
43097,1
43098,1
43101,1
43102,1
43103,1
43104,1
43105,1
43108,1
43109,1
43110,1
43111,1
43112,1
43115,1
43116,1
43117,1.25
43118,1.25
43119,1.25
43122,1.25
43123,1.25
43124,1.25
43125,1.25
43126,1.25
43129,1.25
43130,1.25
43131,1.25
43132,1.25
43133,1.25
43136,1.25
43137,1.25
43138,1.25
43139,1.25
43140,1.25
43143,1.25
43144,1.25
43145,1.25
43146,1.25
43147,1.25
43150,1.25
43151,1.25
43152,1.25
43153,1.25
43154,1.25
43157,1.25
43158,1.25
43159,1.25
43160,1.25
43161,1.25
43164,1.25
43165,1.25
43166,1.25
43167,1.25
43168,1.25
43171,1.25
43172,1.25
43173,1.25
43174,1.25
43175,1.25
43178,1.25
43179,1.25
43180,1.25
43181,1.25
43182,1.25
43185,1.25
43186,1.25
43187,1.25
43188,1.25
43189,1.25
43192,1.25
43193,1.25
43194,1.25
43195,1.25
43196,1.25
43199,1.25
43200,1.25
43201,1.25
43202,1.25
43203,1.25
43206,1.25
43207,1.25
43208,1.25
43209,1.25
43210,1.25
43213,1.25
43214,1.25
43215,1.25
43216,1.25
43217,1.25
43220,1.25
43221,1.25
43222,1.25
43223,1.25
43224,1.25
43227,1.25
43228,1.25
43229,1.25
43230,1.25
43231,1.25
43234,1.25
43235,1.25
43236,1.25
43237,1.25
43238,1.25
43241,1.25
43242,1.25
43243,1.25
43244,1.25
43245,1.25
43248,1.25
43249,1.25
43250,1.25
43251,1.25
43252,1.25
43255,1.25
43256,1.25
43257,1.25
43258,1.25
43259,1.25
43262,1.25
43263,1.25
43264,1.25
43265,1.25
43266,1.25
43269,1.25
43270,1.25
43271,1.25
43272,1.25
43273,1.25
43276,1.25
43277,1.25
43278,1.25
43279,1.25
43280,1.25
43283,1.25
43284,1.25
43285,1.25
43286,1.25
43287,1.25
43290,1.25
43291,1.25
43292,1.5
43293,1.5
43294,1.5
43297,1.5
43298,1.5
43299,1.5
43300,1.5
43301,1.5
43304,1.5
43305,1.5
43306,1.5
43307,1.5
43308,1.5
43311,1.5
43312,1.5
43313,1.5
43314,1.5
43315,1.5
43318,1.5
43319,1.5
43320,1.5
43321,1.5
43322,1.5
43325,1.5
43326,1.5
43327,1.5
43328,1.5
43329,1.5
43332,1.5
43333,1.5
43334,1.5
43335,1.5
43336,1.5
43339,1.5
43340,1.5
43341,1.5
43342,1.5
43343,1.5
43346,1.5
43347,1.5
43348,1.5
43349,1.5
43350,1.5
43353,1.5
43354,1.5
43355,1.5
43356,1.5
43357,1.5
43360,1.5
43361,1.5
43362,1.5
43363,1.5
43364,1.5
43367,1.5
43368,1.5
43369,1.5
43370,1.5
43371,1.5
43374,1.5
43375,1.5
43376,1.5
43377,1.5
43378,1.5
43381,1.5
43382,1.5
43383,1.5
43384,1.5
43385,1.5
43388,1.5
43389,1.5
43390,1.5
43391,1.5
43392,1.5
43395,1.5
43396,1.5
43397,1.75
43398,1.75
43399,1.75
43402,1.75
43403,1.75
43404,1.75
43405,1.75
43406,1.75
43409,1.75
43410,1.75
43411,1.75
43412,1.75
43413,1.75
43416,1.75
43417,1.75
43418,1.75
43419,1.75
43420,1.75
43423,1.75
43424,1.75
43425,1.75
43426,1.75
43427,1.75
43430,1.75
43431,1.75
43432,1.75
43433,1.75
43434,1.75
43437,1.75
43438,1.75
43439,1.75
43440,1.75
43441,1.75
43444,1.75
43445,1.75
43446,1.75
43447,1.75
43448,1.75
43451,1.75
43452,1.75
43453,1.75
43454,1.75
43455,1.75
43458,1.75
43459,1.75
43460,1.75
43461,1.75
43462,1.75
43465,1.75
43466,1.75
43467,1.75
43468,1.75
43469,1.75
43472,1.75
43473,1.75
43474,1.75
43475,1.75
43476,1.75
43479,1.75
43480,1.75
43481,1.75
43482,1.75
43483,1.75
43486,1.75
43487,1.75
43488,1.75
43489,1.75
43490,1.75
43493,1.75
43494,1.75
43495,1.75
43496,1.75
43497,1.75
43500,1.75
43501,1.75
43502,1.75
43503,1.75
43504,1.75
43507,1.75
43508,1.75
43509,1.75
43510,1.75
43511,1.75
43514,1.75
43515,1.75
43516,1.75
43517,1.75
43518,1.75
43521,1.75
43522,1.75
43523,1.75
43524,1.75
43525,1.75
43528,1.75
43529,1.75
43530,1.75
43531,1.75
43532,1.75
43535,1.75
43536,1.75
43537,1.75
43538,1.75
43539,1.75
43542,1.75
43543,1.75
43544,1.75
43545,1.75
43546,1.75
43549,1.75
43550,1.75
43551,1.75
43552,1.75
43553,1.75
43556,1.75
43557,1.75
43558,1.75
43559,1.75
43560,1.75
43563,1.75
43564,1.75
43565,1.75
43566,1.75
43567,1.75
43570,1.75
43571,1.75
43572,1.75
43573,1.75
43574,1.75
43577,1.75
43578,1.75
43579,1.75
43580,1.75
43581,1.75
43584,1.75
43585,1.75
43586,1.75
43587,1.75
43588,1.75
43591,1.75
43592,1.75
43593,1.75
43594,1.75
43595,1.75
43598,1.75
43599,1.75
43600,1.75
43601,1.75
43602,1.75
43605,1.75
43606,1.75
43607,1.75
43608,1.75
43609,1.75
43612,1.75
43613,1.75
43614,1.75
43615,1.75
43616,1.75
43619,1.75
43620,1.75
43621,1.75
43622,1.75
43623,1.75
43626,1.75
43627,1.75
43628,1.75
43629,1.75
43630,1.75
43633,1.75
43634,1.75
43635,1.75
43636,1.75
43637,1.75
43640,1.75
43641,1.75
43642,1.75
43643,1.75
43644,1.75
43647,1.75
43648,1.75
43649,1.75
43650,1.75
43651,1.75
43654,1.75
43655,1.75
43656,1.75
43657,1.75
43658,1.75
43661,1.75
43662,1.75
43663,1.75
43664,1.75
43665,1.75
43668,1.75
43669,1.75
43670,1.75
43671,1.75
43672,1.75
43675,1.75
43676,1.75
43677,1.75
43678,1.75
43679,1.75
43682,1.75
43683,1.75
43684,1.75
43685,1.75
43686,1.75
43689,1.75
43690,1.75
43691,1.75
43692,1.75
43693,1.75
43696,1.75
43697,1.75
43698,1.75
43699,1.75
43700,1.75
43703,1.75
43704,1.75
43705,1.75
43706,1.75
43707,1.75
43710,1.75
43711,1.75
43712,1.75
43713,1.75
43714,1.75
43717,1.75
43718,1.75
43719,1.75
43720,1.75
43721,1.75
43724,1.75
43725,1.75
43726,1.75
43727,1.75
43728,1.75
43731,1.75
43732,1.75
43733,1.75
43734,1.75
43735,1.75
43738,1.75
43739,1.75
43740,1.75
43741,1.75
43742,1.75
43745,1.75
43746,1.75
43747,1.75
43748,1.75
43749,1.75
43752,1.75
43753,1.75
43754,1.75
43755,1.75
43756,1.75
43759,1.75
43760,1.75
43761,1.75
43762,1.75
43763,1.75
43766,1.75
43767,1.75
43768,1.75
43769,1.75
43770,1.75
43773,1.75
43774,1.75
43775,1.75
43776,1.75
43777,1.75
43780,1.75
43781,1.75
43782,1.75
43783,1.75
43784,1.75
43787,1.75
43788,1.75
43789,1.75
43790,1.75
43791,1.75
43794,1.75
43795,1.75
43796,1.75
43797,1.75
43798,1.75
43801,1.75
43802,1.75
43803,1.75
43804,1.75
43805,1.75
43808,1.75
43809,1.75
43810,1.75
43811,1.75
43812,1.75
43815,1.75
43816,1.75
43817,1.75
43818,1.75
43819,1.75
43822,1.75
43823,1.75
43824,1.75
43825,1.75
43826,1.75
43829,1.75
43830,1.75
43831,1.75
43832,1.75
43833,1.75
43836,1.75
43837,1.75
43838,1.75
43839,1.75
43840,1.75
43843,1.75
43844,1.75
43845,1.75
43846,1.75
43847,1.75
43850,1.75
43851,1.75
43852,1.75
43853,1.75
43854,1.75
43857,1.75
43858,1.75
43859,1.75
43860,1.75
43861,1.75
43864,1.75
43865,1.75
43866,1.75
43867,1.75
43868,1.75
43871,1.75
43872,1.75
43873,1.75
43874,1.75
43875,1.75
43878,1.75
43879,1.75
43880,1.75
43881,1.75
43882,1.75
43885,1.75
43886,1.75
43887,1.75
43888,1.75
43889,1.75
43892,1.75
43893,1.75
43894,1.25
43895,1.25
43896,1.25
43899,1.25
43900,1.25
43901,1.25
43902,1.25
43903,0.75
43906,0.75
43907,0.75
43908,0.75
43909,0.75
43910,0.75
43913,0.75
43914,0.75
43915,0.75
43916,0.75
43917,0.25
43920,0.25
43921,0.25
43922,0.25
43923,0.25
43924,0.25
43927,0.25
43928,0.25
43929,0.25
43930,0.25
43931,0.25
43934,0.25
43935,0.25
43936,0.25
43937,0.25
43938,0.25
43941,0.25
43942,0.25
43943,0.25
43944,0.25
43945,0.25
43948,0.25
43949,0.25
43950,0.25
43951,0.25
43952,0.25
43955,0.25
43956,0.25
43957,0.25
43958,0.25
43959,0.25
43962,0.25
43963,0.25
43964,0.25
43965,0.25
43966,0.25
43969,0.25
43970,0.25
43971,0.25
43972,0.25
43973,0.25
43976,0.25
43977,0.25
43978,0.25
43979,0.25
43980,0.25
43983,0.25
43984,0.25
43985,0.25
43986,0.25
43987,0.25
43990,0.25
43991,0.25
43992,0.25
43993,0.25
43994,0.25
43997,0.25
43998,0.25
43999,0.25
44000,0.25
44001,0.25
44004,0.25
44005,0.25
44006,0.25
44007,0.25
44008,0.25
44011,0.25
44012,0.25
44013,0.25
44014,0.25
44015,0.25
44018,0.25
44019,0.25
44020,0.25
44021,0.25
44022,0.25
44025,0.25
44026,0.25
44027,0.25
44028,0.25
44029,0.25
44032,0.25
44033,0.25
44034,0.25
44035,0.25
44036,0.25
44039,0.25
44040,0.25
44041,0.25
44042,0.25
44043,0.25
44046,0.25
44047,0.25
44048,0.25
44049,0.25
44050,0.25
44053,0.25
44054,0.25
44055,0.25
44056,0.25
44057,0.25
44060,0.25
44061,0.25
44062,0.25
44063,0.25
44064,0.25
44067,0.25
44068,0.25
44069,0.25
44070,0.25
44071,0.25
44074,0.25
44075,0.25
44076,0.25
44077,0.25
44078,0.25
44081,0.25
44082,0.25
44083,0.25
44084,0.25
44085,0.25
44088,0.25
44089,0.25
44090,0.25
44091,0.25
44092,0.25
44095,0.25
44096,0.25
44097,0.25
44098,0.25
44099,0.25
44102,0.25
44103,0.25
44104,0.25
44105,0.25
44106,0.25
44109,0.25
44110,0.25
44111,0.25
44112,0.25
44113,0.25
44116,0.25
44117,0.25
44118,0.25
44119,0.25
44120,0.25
44123,0.25
44124,0.25
44125,0.25
44126,0.25
44127,0.25
44130,0.25
44131,0.25
44132,0.25
44133,0.25
44134,0.25
44137,0.25
44138,0.25
44139,0.25
44140,0.25
44141,0.25
44144,0.25
44145,0.25
44146,0.25
44147,0.25
44148,0.25
44151,0.25
44152,0.25
44153,0.25
44154,0.25
44155,0.25
44158,0.25
44159,0.25
44160,0.25
44161,0.25
44162,0.25
44165,0.25
44166,0.25
44167,0.25
44168,0.25
44169,0.25
44172,0.25
44173,0.25
44174,0.25
44175,0.25
44176,0.25
44179,0.25
44180,0.25
44181,0.25
44182,0.25
44183,0.25
44186,0.25
44187,0.25
44188,0.25
44189,0.25
44190,0.25
44193,0.25
44194,0.25
44195,0.25
44196,0.25
44197,0.25
44200,0.25
44201,0.25
44202,0.25
44203,0.25
44204,0.25
44207,0.25
44208,0.25
44209,0.25
44210,0.25
44211,0.25
44214,0.25
44215,0.25
44216,0.25
44217,0.25
44218,0.25
44221,0.25
44222,0.25
44223,0.25
44224,0.25
44225,0.25
44228,0.25
44229,0.25
44230,0.25
44231,0.25
44232,0.25
44235,0.25
44236,0.25
44237,0.25
44238,0.25
44239,0.25
44242,0.25
44243,0.25
44244,0.25
44245,0.25
44246,0.25
44249,0.25
44250,0.25
44251,0.25
44252,0.25
44253,0.25
44256,0.25
44257,0.25
44258,0.25
44259,0.25
44260,0.25
44263,0.25
44264,0.25
44265,0.25
44266,0.25
44267,0.25
44270,0.25
44271,0.25
44272,0.25
44273,0.25
44274,0.25
44277,0.25
44278,0.25
44279,0.25
44280,0.25
44281,0.25
44284,0.25
44285,0.25
44286,0.25
44287,0.25
44288,0.25
44291,0.25
44292,0.25
44293,0.25
44294,0.25
44295,0.25
44298,0.25
44299,0.25
44300,0.25
44301,0.25
44302,0.25
44305,0.25
44306,0.25
44307,0.25
44308,0.25
44309,0.25
44312,0.25
44313,0.25
44314,0.25
44315,0.25
44316,0.25
44319,0.25
44320,0.25
44321,0.25
44322,0.25
44323,0.25
44326,0.25
44327,0.25
44328,0.25
44329,0.25
44330,0.25
44333,0.25
44334,0.25
44335,0.25
44336,0.25
44337,0.25
44340,0.25
44341,0.25
44342,0.25
44343,0.25
44344,0.25
44347,0.25
44348,0.25
44349,0.25
44350,0.25
44351,0.25
44354,0.25
44355,0.25
44356,0.25
44357,0.25
44358,0.25
44361,0.25
44362,0.25
44363,0.25
44364,0.25
44365,0.25
44368,0.25
44369,0.25
44370,0.25
44371,0.25
44372,0.25
44375,0.25
44376,0.25
44377,0.25
44378,0.25
44379,0.25
44382,0.25
44383,0.25
44384,0.25
44385,0.25
44386,0.25
44389,0.25
44390,0.25
44391,0.25
44392,0.25
44393,0.25
44396,0.25
44397,0.25
44398,0.25
44399,0.25
44400,0.25
44403,0.25
44404,0.25
44405,0.25
44406,0.25
44407,0.25
44410,0.25
44411,0.25
44412,0.25
44413,0.25
44414,0.25
44417,0.25
44418,0.25
44419,0.25
44420,0.25
44421,0.25
44424,0.25
44425,0.25
44426,0.25
44427,0.25
44428,0.25
44431,0.25
44432,0.25
44433,0.25
44434,0.25
44435,0.25
44438,0.25
44439,0.25
44440,0.25
44441,0.25
44442,0.25
44445,0.25
44446,0.25
44447,0.25
44448,0.25
44449,0.25
44452,0.25
44453,0.25
44454,0.25
44455,0.25
44456,0.25
44459,0.25
44460,0.25
44461,0.25
44462,0.25
44463,0.25
44466,0.25
44467,0.25
44468,0.25
44469,0.25
44470,0.25
44473,0.25
44474,0.25
44475,0.25
44476,0.25
44477,0.25
44480,0.25
44481,0.25
44482,0.25
44483,0.25
44484,0.25
44487,0.25
44488,0.25
44489,0.25
44490,0.25
44491,0.25
44494,0.25
44495,0.25
44496,0.25
44497,0.25
44498,0.25
44501,0.25
44502,0.25
44503,0.25
44504,0.25
44505,0.25
44508,0.25
44509,0.25
44510,0.25
44511,0.25
44512,0.25
44515,0.25
44516,0.25
44517,0.25
44518,0.25
44519,0.25
44522,0.25
44523,0.25
44524,0.25
44525,0.25
44526,0.25
44529,0.25
44530,0.25
44531,0.25
44532,0.25
44533,0.25
44536,0.25
44537,0.25
44538,0.25
44539,0.25
44540,0.25
44543,0.25
44544,0.25
44545,0.25
44546,0.25
44547,0.25
44550,0.25
44551,0.25
44552,0.25
44553,0.25
44554,0.25
44557,0.25
44558,0.25
44559,0.25
44560,0.25
44561,0.25
44564,0.25
44565,0.25
44566,0.25
44567,0.25
44568,0.25
44571,0.25
44572,0.25
44573,0.25
44574,0.25
44575,0.25
44578,0.25
44579,0.25
44580,0.25
44581,0.25
44582,0.25
44585,0.25
44586,0.25
44587,0.25
44588,0.25
44589,0.25
44592,0.25
44593,0.25
44594,0.25
44595,0.25
44596,0.25
44599,0.25
44600,0.25
44601,0.25
44602,0.25
44603,0.25
44606,0.25
44607,0.25
44608,0.25
44609,0.25
44610,0.25
44613,0.25
44614,0.25
44615,0.25
44616,0.25
44617,0.25
44620,0.25
44621,0.25
44622,0.5
44623,0.5
44624,0.5
44627,0.5
44628,0.5
44629,0.5
44630,0.5
44631,0.5
44634,0.5
44635,0.5
44636,0.5
44637,0.5
44638,0.5
44641,0.5
44642,0.5
44643,0.5
44644,0.5
44645,0.5
44648,0.5
44649,0.5
44650,0.5
44651,0.5
44652,0.5
44655,0.5
44656,0.5
44657,0.5
44658,0.5
44659,0.5
44662,0.5
44663,0.5
44664,1
44665,1
44666,1
44669,1
44670,1
44671,1
44672,1
44673,1
44676,1
44677,1
44678,1
44679,1
44680,1
44683,1
44684,1
44685,1
44686,1
44687,1
44690,1
44691,1
44692,1
44693,1
44694,1
44697,1
44698,1
44699,1
44700,1
44701,1
44704,1
44705,1
44706,1
44707,1
44708,1
44711,1
44712,1
44713,1.5
44714,1.5
44715,1.5
44718,1.5
44719,1.5
44720,1.5
44721,1.5
44722,1.5
44725,1.5
44726,1.5
44727,1.5
44728,1.5
44729,1.5
44732,1.5
44733,1.5
44734,1.5
44735,1.5
44736,1.5
44739,1.5
44740,1.5
44741,1.5
44742,1.5
44743,1.5
44746,1.5
44747,1.5
44748,1.5
44749,1.5
44750,1.5
44753,1.5
44754,1.5
44755,2.5
44756,2.5
44757,2.5
44760,2.5
44761,2.5
44762,2.5
44763,2.5
44764,2.5
44767,2.5
44768,2.5
44769,2.5
44770,2.5
44771,2.5
44774,2.5
44775,2.5
44776,2.5
44777,2.5
44778,2.5
44781,2.5
44782,2.5
44783,2.5
44784,2.5
44785,2.5
44788,2.5
44789,2.5
44790,2.5
44791,2.5
44792,2.5
44795,2.5
44796,2.5
44797,2.5
44798,2.5
44799,2.5
44802,2.5
44803,2.5
44804,2.5
44805,2.5
44806,2.5
44809,2.5
44810,2.5
44811,3.25
44812,3.25
44813,3.25
44816,3.25
44817,3.25
44818,3.25
44819,3.25
44820,3.25
44823,3.25
44824,3.25
44825,3.25
44826,3.25
44827,3.25
44830,3.25
44831,3.25
44832,3.25
44833,3.25
44834,3.25
44837,3.25
44838,3.25
44839,3.25
44840,3.25
44841,3.25
44844,3.25
44845,3.25
44846,3.25
44847,3.25
44848,3.25
44851,3.25
44852,3.25
44853,3.25
44854,3.25
44855,3.25
44858,3.25
44859,3.25
44860,3.75
44861,3.75
44862,3.75
44865,3.75
44866,3.75
44867,3.75
44868,3.75
44869,3.75
44872,3.75
44873,3.75
44874,3.75
44875,3.75
44876,3.75
44879,3.75
44880,3.75
44881,3.75
44882,3.75
44883,3.75
44886,3.75
44887,3.75
44888,3.75
44889,3.75
44890,3.75
44893,3.75
44894,3.75
44895,3.75
44896,3.75
44897,3.75
44900,3.75
44901,3.75
44902,4.25
44903,4.25
44904,4.25
44907,4.25
44908,4.25
44909,4.25
44910,4.25
44911,4.25
44914,4.25
44915,4.25
44916,4.25
44917,4.25
44918,4.25
44921,4.25
44922,4.25
44923,4.25
44924,4.25
44925,4.25
44928,4.25
44929,4.25
44930,4.25
44931,4.25
44932,4.25
44935,4.25
44936,4.25
44937,4.25
44938,4.25
44939,4.25
44942,4.25
44943,4.25
44944,4.25
44945,4.25
44946,4.25
44949,4.25
44950,4.25
44951,4.5
44952,4.5
44953,4.5
44956,4.5
44957,4.5
44958,4.5
44959,4.5
44960,4.5
44963,4.5
44964,4.5
44965,4.5
44966,4.5
44967,4.5
44970,4.5
44971,4.5
44972,4.5
44973,4.5
44974,4.5
44977,4.5
44978,4.5
44979,4.5
44980,4.5
44981,4.5
44984,4.5
44985,4.5
44986,4.5
44987,4.5
44988,4.5
44991,4.5
44992,4.5
44993,4.5
44994,4.5
44995,4.5
44998,4.5
44999,4.5
45000,4.5
45001,4.5
45002,4.5
45005,4.5
45006,4.5
45007,4.5
45008,4.5
45009,4.5
45012,4.5
45013,4.5
45014,4.5
45015,4.5
45016,4.5
45019,4.5
45020,4.5
45021,4.5
45022,4.5
45023,4.5
45026,4.5
45027,4.5
45028,4.5
45029,4.5
45030,4.5
45033,4.5
45034,4.5
45035,4.5
45036,4.5
45037,4.5
45040,4.5
45041,4.5
45042,4.5
45043,4.5
45044,4.5
45047,4.5
45048,4.5
45049,4.5
45050,4.5
45051,4.5
45054,4.5
45055,4.5
45056,4.5
45057,4.5
45058,4.5
45061,4.5
45062,4.5
45063,4.5
45064,4.5
45065,4.5
45068,4.5
45069,4.5
45070,4.5
45071,4.5
45072,4.5
45075,4.5
45076,4.5
45077,4.5
45078,4.5
45079,4.5
45082,4.5
45083,4.5
45084,4.75
45085,4.75
45086,4.75
45089,4.75
45090,4.75
45091,4.75
45092,4.75
45093,4.75
45096,4.75
45097,4.75
45098,4.75
45099,4.75
45100,4.75
45103,4.75
45104,4.75
45105,4.75
45106,4.75
45107,4.75
45110,4.75
45111,4.75
45112,4.75
45113,4.75
45114,4.75
45117,4.75
45118,4.75
45119,5
45120,5
45121,5
45124,5
45125,5
45126,5
45127,5
45128,5
45131,5
45132,5
45133,5
45134,5
45135,5
45138,5
45139,5
45140,5
45141,5
45142,5
45145,5
45146,5
45147,5
45148,5
45149,5
45152,5
45153,5
45154,5
45155,5
45156,5
45159,5
45160,5
45161,5
45162,5
45163,5
45166,5
45167,5
45168,5
45169,5
45170,5
45173,5
45174,5
45175,5
45176,5
45177,5
45180,5
45181,5
45182,5
45183,5
45184,5
45187,5
45188,5
45189,5
45190,5
45191,5
45194,5
45195,5
45196,5
45197,5
45198,5
45201,5
45202,5
45203,5
45204,5
45205,5
45208,5
45209,5
45210,5
45211,5
45212,5
45215,5
45216,5
45217,5
45218,5
45219,5
45222,5
45223,5
45224,5
45225,5
45226,5
45229,5
45230,5
45231,5
45232,5
45233,5
45236,5
45237,5
45238,5
45239,5
45240,5
45243,5
45244,5
45245,5
45246,5
45247,5
45250,5
45251,5
45252,5
45253,5
45254,5
45257,5
45258,5
45259,5
45260,5
45261,5
45264,5
45265,5
45266,5
45267,5
45268,5
45271,5
45272,5
45273,5
45274,5
45275,5
45278,5
45279,5
45280,5
45281,5
45282,5
45285,5
45286,5
45287,5
45288,5
45289,5
45292,5
45293,5
45294,5
45295,5
45296,5
45299,5
45300,5
45301,5
45302,5
45303,5
45306,5
45307,5
45308,5
45309,5
45310,5
45313,5
45314,5
45315,5
45316,5
45317,5
45320,5
45321,5
45322,5
45323,5
45324,5
45327,5
45328,5
45329,5
45330,5
45331,5
45334,5
45335,5
45336,5
45337,5
45338,5
45341,5
45342,5
45343,5
45344,5
45345,5
45348,5
45349,5
45350,5
45351,5
45352,5
45355,5
45356,5
45357,5
45358,5
45359,5
45362,5
45363,5
45364,5
45365,5
45366,5
45369,5
45370,5
45371,5
45372,5
45373,5
45376,5
45377,5
45378,5
45379,5
45380,5
45383,5
45384,5
45385,5
45386,5
45387,5
45390,5
45391,5
45392,5
45393,5
45394,5
45397,5
45398,5
45399,5
45400,5
45401,5
45404,5
45405,5
45406,5
45407,5
45408,5
45411,5
45412,5
45413,5
45414,5
45415,5
45418,5
45419,5
45420,5
45421,5
45422,5
45425,5
45426,5
45427,5
45428,5
45429,5
45432,5
45433,5
45434,5
45435,5
45436,5
45439,5
45440,5
45441,5
45442,5
45443,5
45446,5
45447,5
45448,4.75
45449,4.75
45450,4.75
45453,4.75
45454,4.75
45455,4.75
45456,4.75
45457,4.75
45460,4.75
45461,4.75
45462,4.75
45463,4.75
45464,4.75
45467,4.75
45468,4.75
45469,4.75
45470,4.75
45471,4.75
45474,4.75
45475,4.75
45476,4.75
45477,4.75
45478,4.75
45481,4.75
45482,4.75
45483,4.75
45484,4.75
45485,4.75
45488,4.75
45489,4.75
45490,4.75
45491,4.75
45492,4.75
45495,4.75
45496,4.75
45497,4.5
45498,4.5
45499,4.5
45502,4.5
45503,4.5
45504,4.5
45505,4.5
45506,4.5
45509,4.5
45510,4.5
45511,4.5
45512,4.5
45513,4.5
45516,4.5
45517,4.5
45518,4.5
45519,4.5
45520,4.5
45523,4.5
45524,4.5
45525,4.5
45526,4.5
45527,4.5
45530,4.5
45531,4.5
45532,4.5
45533,4.5
45534,4.5
45537,4.5
45538,4.5
45539,4.25
45540,4.25
45541,4.25
45544,4.25
45545,4.25
45546,4.25
45547,4.25
45548,4.25
45551,4.25
45552,4.25
45553,4.25
45554,4.25
45555,4.25
45558,4.25
45559,4.25
45560,4.25
45561,4.25
45562,4.25
45565,4.25
45566,4.25
45567,4.25
45568,4.25
45569,4.25
45572,4.25
45573,4.25
45574,4.25
45575,4.25
45576,4.25
45579,4.25
45580,4.25
45581,4.25
45582,4.25
45583,4.25
45586,4.25
45587,4.25
45588,3.75
45589,3.75
45590,3.75
45593,3.75
45594,3.75
45595,3.75
45596,3.75
45597,3.75
45600,3.75
45601,3.75
45602,3.75
45603,3.75
45604,3.75
45607,3.75
45608,3.75
45609,3.75
45610,3.75
45611,3.75
45614,3.75
45615,3.75
45616,3.75
45617,3.75
45618,3.75
45621,3.75
45622,3.75
45623,3.75
45624,3.75
45625,3.75
45628,3.75
45629,3.75
45630,3.75
45631,3.75
45632,3.75
45635,3.75
45636,3.75
45637,3.25
45638,3.25
45639,3.25
45642,3.25
45643,3.25
45644,3.25
45645,3.25
45646,3.25
45649,3.25
45650,3.25
45651,3.25
45652,3.25
45653,3.25
45656,3.25
45657,3.25
45658,3.25
45659,3.25
45660,3.25
45663,3.25
45664,3.25
45665,3.25
45666,3.25
45667,3.25
45670,3.25
45671,3.25
45672,3.25
45673,3.25
45674,3.25
45677,3.25
45678,3.25
45679,3.25
45680,3.25
45681,3.25
45684,3.25
45685,3.25
45686,3
45687,3
45688,3
45691,3
45692,3
45693,3
45694,3
45695,3
45698,3
45699,3
45700,3
45701,3
45702,3
45705,3
45706,3
45707,3
45708,3
45709,3
45712,3
45713,3
45714,3
45715,3
45716,3
45719,3
45720,3
45721,3
45722,3
45723,3
45726,3
45727,3
45728,2.75
45729,2.75
45730,2.75
45733,2.75
45734,2.75
45735,2.75
45736,2.75
45737,2.75
45740,2.75
45741,2.75
45742,2.75
45743,2.75
45744,2.75
45747,2.75
45748,2.75
45749,2.75
45750,2.75
45751,2.75
45754,2.75
45755,2.75
45756,2.75
45757,2.75
45758,2.75
45761,2.75
45762,2.75
45763,2.75
45764,2.75
45765,2.75
45768,2.75
45769,2.75
45770,2.75
45771,2.75
45772,2.75
45775,2.75
45776,2.75
45777,2.75
45778,2.75
45779,2.75
45782,2.75
45783,2.75
45784,2.75
45785,2.75
45786,2.75
45789,2.75
45790,2.75
45791,2.75
45792,2.75
45793,2.75
45796,2.75
45797,2.75
45798,2.75
45799,2.75
45800,2.75
45803,2.75
45804,2.75
45805,2.75
45806,2.75
45807,2.75
45810,2.75
45811,2.75
45812,2.75
45813,2.75
45814,2.75
45817,2.75
45818,2.75
45819,2.75
45820,2.75
45821,2.75
45824,2.75
45825,2.75
45826,2.75
45827,2.75
45828,2.75
45831,2.75
45832,2.75
45833,2.75
45834,2.75
45835,2.75
45838,2.75
45839,2.75
45840,2.75
45841,2.75
45842,2.75
45845,2.75
45846,2.75
45847,2.75
45848,2.75
45849,2.75
45852,2.75
45853,2.75
45854,2.75
45855,2.75
45856,2.75
45859,2.75
45860,2.75
45861,2.75
45862,2.75
45863,2.75
45866,2.75
45867,2.75
45868,2.75
45869,2.75
45870,2.75
45873,2.75
45874,2.75
45875,2.75
45876,2.75
45877,2.75
45880,2.75
45881,2.75
45882,2.75
45883,2.75
45884,2.75
45887,2.75
45888,2.75
45889,2.75
45890,2.75
45891,2.75
45894,2.75
45895,2.75
45896,2.75
45897,2.75
45898,2.75
45901,2.75
45902,2.75
45903,2.75
45904,2.75
45905,2.75
45908,2.75
45909,2.75
45910,2.75
45911,2.75
45912,2.75
45915,2.75
45916,2.75
45917,2.5
45918,2.5
45919,2.5
45922,2.5
45923,2.5
45924,2.5
45925,2.5
45926,2.5
45929,2.5
45930,2.5
45931,2.5
45932,2.5
45933,2.5
45936,2.5
45937,2.5
45938,2.5
45939,2.5
45940,2.5
45943,2.5
45944,2.5
45945,2.5
45946,2.5
45947,2.5
45950,2.5
45951,2.5
45952,2.5
45953,2.5
45954,2.5
45957,2.5
45958,2.5
45959,2.25
45960,2.25
45961,2.25
45964,2.25
45965,2.25
45966,2.25
45967,2.25
45968,2.25
45971,2.25
45972,2.25
45973,2.25
45974,2.25
45975,2.25
45978,2.25
45979,2.25
45980,2.25
45981,2.25
45982,2.25
45985,2.25
45986,2.25
45987,2.25
45988,2.25
45989,2.25
45992,2.25
45993,2.25
45994,2.25
45995,2.25
45996,2.25
45999,2.25
46000,2.25
46001,2.25
46002,2.25
46003,2.25
46006,2.25
46007,2.25
46008,2.25
46009,2.25
46010,2.25
46013,2.25
46014,2.25
46015,2.25
46016,2.25
46017,2.25
46020,2.25
46021,2.25
46022,2.25
46023,2.25
46024,2.25
46027,2.25
46028,2.25
46029,2.25
46030,2.25
46031,2.25
46034,2.25
46035,2.25
46036,2.25
46037,2.25
46038,2.25
46041,2.25
46042,2.25
46043,2.25
46044,2.25
46045,2.25
46048,2.25
46049,2.25
46050,2.25
46051,2.25
46052,2.25
46055,2.25
46056,2.25
46057,2.25
46058,2.25
46059,2.25
46062,2.25
46063,2.25
46064,2.25
46065,2.25
46066,2.25
46069,2.25
46070,2.25
46071,2.25
46072,2.25
46073,2.25
46076,2.25
46077,2.25
46078,2.25
46079,2.25
46080,2.25
46083,2.25
46084,2.25
46085,2.25
